sale_id,date,quantity,amount,product_name,category,brand,name,email,loyalty_status,store_name,region
336,2024-12-05,5,1433.1,Rest,Beauty,"Ramirez, Montgomery and Malone",Lisa Adams,williamwood@example.com,Silver,Davis PLC,East
635,2025-08-08,2,867.32,For,Home,"Brock, Fuller and Valdez",Meagan Mccarthy,brownrobert@example.com,Silver,"Parker, Rodriguez and Contreras",East
440,2024-12-07,2,402.96,Art,Home,Lester Ltd,Troy Wallace,wtaylor@example.org,Silver,Cameron-Austin,North
30,2025-09-16,2,716.94,Receive,Clothing,"Garcia, Taylor and Harris",Lisa Adams,williamwood@example.com,Silver,Wilson LLC,West
255,2025-03-08,5,1030.95,Rather,Beauty,"Johnson, Watts and Douglas",Michael Waters,iwilliamson@example.org,Silver,Blevins PLC,East
676,2025-04-16,4,1808.12,Rather,Beauty,"Johnson, Watts and Douglas",Luis Phelps,palmertroy@example.net,Gold,Randall-Sanders,North
789,2025-04-19,4,1702.8,Wrong,Home,"Howard, Vang and Reed",John Rodriguez,christine18@example.net,Bronze,"Myers, Castro and Clark",South
868,2025-08-20,1,359.55,Rather,Beauty,"Johnson, Watts and Douglas",Adrian Bryan,calhounryan@example.com,Gold,Jackson Group,East
58,2025-06-19,2,723.16,Cell,Home,Quinn and Sons,Kelsey Scott,hbarber@example.net,Bronze,Blevins PLC,East
667,2025-02-23,3,332.85,Charge,Home,"Wang, Hamilton and Gentry",Emily Zhang,amyconley@example.net,Silver,Huerta-Lee,East
820,2025-08-03,3,1436.49,Individual,Clothing,Smith-Castaneda,Adrian Bryan,calhounryan@example.com,Gold,"Myers, Castro and Clark",South
1,2024-10-27,3,948.36,Do,Home,Edwards-Aguilar,Nicole Wells,ryoung@example.com,Gold,"Thomas, Smith and Velasquez",South
209,2025-04-25,4,360.12,Mean,Home,Hammond Inc,Lisa Garcia,jesushopkins@example.net,Bronze,Huerta-Lee,East
301,2024-10-16,5,1807.2,Rather,Beauty,"Johnson, Watts and Douglas",Manuel Strong,adam46@example.org,Bronze,Cameron-Austin,North
617,2024-09-27,4,662.84,Receive,Clothing,"Garcia, Taylor and Harris",Daniel Robertson,moorepaul@example.com,Bronze,"Thomas, Smith and Velasquez",South
659,2024-11-20,1,348.94,Charge,Home,"Wang, Hamilton and Gentry",Jessica Bradshaw,frederickjackson@example.org,Silver,Blevins PLC,East
386,2024-09-17,3,1264.44,Home,Beauty,Griffin LLC,Amy Smith,yhall@example.net,Gold,"Parker, Rodriguez and Contreras",East
439,2025-01-11,2,655.66,Effect,Beauty,Harris Group,Zachary Hester,rrivera@example.org,Gold,Randall-Sanders,North
587,2024-09-25,2,350.94,Travel,Home,Solis-Norris,Linda Brooks,mark20@example.org,Silver,Randall-Sanders,North
748,2025-01-29,5,1244.25,Mean,Home,Hammond Inc,Jacqueline Gardner,hoffmankelli@example.com,Silver,Jackson Group,East
57,2024-10-16,2,888.9,Store,Electronics,Johnson-Phillips,Anthony Stafford PhD,jhernandez@example.net,Gold,"Myers, Castro and Clark",South
544,2024-10-23,4,985.84,Mean,Home,Hammond Inc,Monica Lopez,myersstephanie@example.com,Bronze,"Myers, Castro and Clark",South
455,2025-06-10,5,606.55,Individual,Clothing,Smith-Castaneda,Philip Foster,fergusonnatalie@example.com,Silver,Wilson LLC,West
780,2025-04-11,3,551.04,Wrong,Home,"Howard, Vang and Reed",Lisa Lopez,rachel55@example.com,Bronze,Huerta-Lee,East
904,2025-02-14,5,1611.35,Husband,Electronics,Haynes Group,Teresa Horton,welchanna@example.com,Silver,Randall-Sanders,North
277,2024-11-14,5,1730.45,Individual,Clothing,Smith-Castaneda,Mark Cisneros,charleslorraine@example.net,Silver,Jackson Group,East
539,2025-04-10,3,1358.52,Pressure,Electronics,"Horn, Andrews and Jones",Nicole Wells,ryoung@example.com,Gold,Wilson LLC,West
764,2024-10-29,4,1037.72,His,Electronics,"Pineda, Frederick and Frey",Nicole Wells,ryoung@example.com,Gold,Randall-Sanders,North
663,2025-03-31,2,497.06,Rest,Beauty,"Ramirez, Montgomery and Malone",Erik Reed,michael73@example.org,Silver,Wilson LLC,West
860,2024-12-25,4,1243.44,Party,Electronics,Hill Ltd,Douglas Reyes,vrubio@example.org,Bronze,Wilson LLC,West
955,2025-02-09,3,830.28,Do,Home,Edwards-Aguilar,Barry Sanchez,davideverett@example.net,Gold,Wilson LLC,West
115,2024-12-05,2,826.84,Accept,Beauty,"Morris, Cobb and Hunter",Susan Mcdowell,usmith@example.org,Bronze,Cameron-Austin,North
143,2025-02-27,3,533.88,Accept,Beauty,"Morris, Cobb and Hunter",Linda Cordova,brandon75@example.net,Gold,Randall-Sanders,North
356,2025-07-01,3,956.85,Pressure,Electronics,"Horn, Andrews and Jones",Erin Mitchell,robin35@example.org,Silver,Randall-Sanders,North
576,2025-07-02,5,533.45,Keep,Home,Hodges PLC,Sabrina Barajas,andrewsoto@example.org,Bronze,Cameron-Austin,North
895,2025-01-11,2,685.04,Method,Home,Freeman Group,Victor Holloway,stuartswanson@example.org,Gold,Huerta-Lee,East
376,2024-10-12,5,1939.2,Protect,Home,Levy Inc,Lisa Adams,williamwood@example.com,Silver,Jackson Group,East
674,2024-11-26,5,2207.95,Experience,Electronics,"Rios, Carpenter and Bennett",Regina Ruiz,michael85@example.org,Gold,Cameron-Austin,North
691,2025-04-29,4,1268.68,Four,Beauty,Obrien Group,Thomas Barnes,gblackburn@example.net,Bronze,Randall-Sanders,North
81,2025-05-07,2,740.7,For,Home,"Brock, Fuller and Valdez",Jason Baxter,ilucas@example.net,Bronze,Wilson LLC,West
169,2025-02-09,1,377.24,Enough,Clothing,Jones PLC,William Lane,charlesmartinez@example.org,Silver,Davis PLC,East
372,2025-06-16,4,551.72,Against,Clothing,Deleon-Johnson,Victor Holloway,stuartswanson@example.org,Gold,Davis PLC,East
453,2025-01-11,5,516.45,Receive,Clothing,"Garcia, Taylor and Harris",Beth Green,owagner@example.net,Bronze,Davis PLC,East
715,2025-02-22,1,341.72,Form,Home,"Stewart, Carney and Lynn",Tyler Wolfe,kimnicole@example.org,Gold,"Thomas, Smith and Velasquez",South
247,2025-04-04,1,384.3,Rest,Beauty,"Ramirez, Montgomery and Malone",Deborah Frost,shelly89@example.org,Bronze,"Parker, Rodriguez and Contreras",East
498,2025-01-22,4,1830.52,Method,Home,Freeman Group,Darrell Wells,collinstimothy@example.org,Bronze,Cameron-Austin,North
968,2025-01-04,1,464.58,Enough,Clothing,Jones PLC,David Brown,martinkevin@example.com,Bronze,"Myers, Castro and Clark",South
83,2025-09-11,3,473.55,Century,Home,Joseph-Edwards,Heather Thompson,cristinafischer@example.com,Silver,Huerta-Lee,East
559,2025-08-04,2,816.7,Effect,Beauty,Harris Group,Angel Lowe,kevinalexander@example.org,Silver,Randall-Sanders,North
939,2025-07-08,3,1373.01,Task,Beauty,"Parrish, Taylor and Delgado",Yolanda Williams,david04@example.com,Gold,Jackson Group,East
75,2025-02-03,2,352.14,Purpose,Clothing,"Dougherty, Lee and Graves",Pamela Hansen,johnroberson@example.com,Silver,"Thomas, Smith and Velasquez",South
423,2025-08-30,2,920.4,Follow,Home,Collins-Simon,Jackson Logan,hflores@example.org,Silver,Randall-Sanders,North
476,2025-05-11,3,1058.13,Form,Home,"Stewart, Carney and Lynn",Jacqueline Huerta,alexandermolly@example.net,Bronze,Davis PLC,East
644,2024-11-20,3,1343.58,Effect,Beauty,Harris Group,Jackson Logan,hflores@example.org,Silver,"Parker, Rodriguez and Contreras",East
763,2024-12-16,5,1644.2,Important,Beauty,Murphy-Lang,Allen Gross,dannybrown@example.com,Gold,Cameron-Austin,North
812,2024-12-31,5,1976.85,Her,Home,"Cannon, Myers and Clark",Pamela Hansen,johnroberson@example.com,Silver,Blevins PLC,East
424,2025-02-10,3,348.45,Protect,Home,Levy Inc,Maurice Richardson,williamwilson@example.org,Bronze,Davis PLC,East
487,2025-07-14,5,1758.8,Store,Electronics,Johnson-Phillips,Daniel Robinson,murrayderek@example.com,Bronze,Randall-Sanders,North
502,2024-12-09,4,1800.24,Against,Clothing,Deleon-Johnson,Victor Holloway,stuartswanson@example.org,Gold,Blevins PLC,East
78,2025-09-06,2,600.86,Mean,Home,Hammond Inc,Joseph Foster,lgardner@example.com,Silver,"Thomas, Smith and Velasquez",South
88,2025-04-25,1,307.62,Rest,Beauty,"Ramirez, Montgomery and Malone",Russell Jones,xwright@example.org,Gold,Wilson LLC,West
562,2024-11-18,3,847.71,For,Home,"Brock, Fuller and Valdez",Tammy Lozano,nthompson@example.net,Bronze,Davis PLC,East
626,2025-01-17,5,2149.65,Century,Home,Joseph-Edwards,Zachary Hester,rrivera@example.org,Gold,Wilson LLC,West
641,2025-06-23,2,626.18,Mean,Home,Hammond Inc,David Buchanan,jeremy27@example.org,Silver,"Myers, Castro and Clark",South
332,2025-03-20,2,791.74,Four,Beauty,Obrien Group,Jessica Bradshaw,frederickjackson@example.org,Silver,Davis PLC,East
335,2025-09-05,3,687.21,Lot,Home,Richmond PLC,David Morrison,karen36@example.org,Gold,"Parker, Rodriguez and Contreras",East
338,2025-01-29,5,2383.05,Bill,Home,Garcia-Baker,Luis Phelps,palmertroy@example.net,Gold,Randall-Sanders,North
733,2025-03-22,2,935.36,Store,Electronics,Johnson-Phillips,Marissa Howell,gjames@example.com,Gold,Huerta-Lee,East
905,2025-09-09,1,482.91,Follow,Home,Collins-Simon,Nicholas Peters,diana89@example.com,Bronze,Blevins PLC,East
963,2025-05-17,2,760.5,Enough,Clothing,Jones PLC,Heather Thompson,cristinafischer@example.com,Silver,Jackson Group,East
731,2025-04-29,2,588.48,Store,Electronics,Johnson-Phillips,Amy Underwood,shawchristina@example.net,Silver,Jackson Group,East
776,2024-10-06,4,832.04,With,Clothing,Greene-Barnes,Scott Jones,john75@example.com,Gold,Huerta-Lee,East
426,2024-11-05,4,949.56,For,Home,"Brock, Fuller and Valdez",Melinda Baker,rgutierrez@example.net,Silver,Davis PLC,East
566,2025-06-07,3,503.91,Accept,Beauty,"Morris, Cobb and Hunter",Benjamin Lindsey,dwilcox@example.net,Silver,Davis PLC,East
627,2025-06-05,5,1666.3,Do,Home,Edwards-Aguilar,Linda Conley,lucascalhoun@example.net,Silver,Davis PLC,East
62,2025-08-23,5,1610.9,Special,Clothing,"Allison, Rivers and Hurst",Kirsten Chan,phillipjackson@example.org,Silver,"Parker, Rodriguez and Contreras",East
270,2024-11-14,2,681.54,Rest,Beauty,"Ramirez, Montgomery and Malone",Brian Peterson,renee53@example.org,Silver,"Myers, Castro and Clark",South
339,2024-09-29,3,953.46,Bill,Home,Garcia-Baker,Andrew Gutierrez,alexandercooley@example.org,Silver,Huerta-Lee,East
873,2024-09-18,4,1689.4,Effect,Beauty,Harris Group,Lisa Lopez,rachel55@example.com,Bronze,Wilson LLC,West
307,2025-01-10,4,1525.2,Husband,Electronics,Haynes Group,Susan Weiss,cynthia16@example.com,Gold,"Parker, Rodriguez and Contreras",East
344,2024-09-24,3,1272.84,Art,Home,Lester Ltd,Daniel Morales,jeffreyjimenez@example.com,Bronze,Randall-Sanders,North
511,2024-10-04,3,1253.07,Cell,Home,Quinn and Sons,Nicole Neal,hernandezmichael@example.com,Bronze,Jackson Group,East
722,2025-02-11,2,997.26,Husband,Electronics,Haynes Group,Jacqueline Huerta,alexandermolly@example.net,Bronze,Wilson LLC,West
783,2025-08-16,3,1257.03,With,Clothing,Greene-Barnes,Nicole Wells,ryoung@example.com,Gold,Huerta-Lee,East
852,2024-10-19,3,368.7,Important,Beauty,Murphy-Lang,Paul Gill,zwilliams@example.com,Silver,Wilson LLC,West
866,2024-10-02,3,1093.92,His,Electronics,"Pineda, Frederick and Frey",Victor Holloway,stuartswanson@example.org,Gold,Jackson Group,East
227,2025-03-02,3,1365.72,Rest,Beauty,"Ramirez, Montgomery and Malone",Jose Rhodes,aestes@example.org,Gold,Randall-Sanders,North
246,2025-03-04,1,308.17,With,Clothing,Greene-Barnes,Jackson Logan,hflores@example.org,Silver,"Myers, Castro and Clark",South
553,2025-07-03,5,561.8,Rest,Beauty,"Ramirez, Montgomery and Malone",Melanie King,marie60@example.net,Silver,Cameron-Austin,North
683,2025-01-16,2,651.0,Follow,Home,Collins-Simon,Daniel Morales,jeffreyjimenez@example.com,Bronze,Jackson Group,East
761,2025-02-04,1,320.54,For,Home,"Brock, Fuller and Valdez",Heather Thompson,cristinafischer@example.com,Silver,Jackson Group,East
224,2024-12-12,5,1063.1,Husband,Electronics,Haynes Group,Brandon Rice,cathy68@example.net,Silver,"Parker, Rodriguez and Contreras",East
232,2025-05-18,3,483.45,Her,Home,"Cannon, Myers and Clark",David Morrison,karen36@example.org,Gold,Randall-Sanders,North
590,2025-08-03,5,1159.2,Individual,Clothing,Smith-Castaneda,Daniel Robinson,murrayderek@example.com,Bronze,"Parker, Rodriguez and Contreras",East
10,2025-07-04,3,1216.17,Method,Home,Freeman Group,Bridget Murphy,williamsmonica@example.com,Silver,Cameron-Austin,North
50,2025-03-30,2,470.18,Cell,Home,Quinn and Sons,Andrew Gutierrez,alexandercooley@example.org,Silver,Huerta-Lee,East
72,2024-11-07,5,1150.15,Energy,Clothing,Cooper and Sons,Jennifer Boyd,smartinez@example.com,Bronze,Wilson LLC,West
96,2025-07-16,5,410.15,Receive,Clothing,"Garcia, Taylor and Harris",Rhonda Bailey,uedwards@example.org,Gold,Randall-Sanders,North
452,2024-12-18,2,628.8,Pressure,Electronics,"Horn, Andrews and Jones",Yolanda Williams,david04@example.com,Gold,"Parker, Rodriguez and Contreras",East
613,2024-12-27,5,2334.55,Mean,Home,Hammond Inc,Russell Jones,xwright@example.org,Gold,Cameron-Austin,North
871,2025-08-23,4,1761.28,Music,Clothing,"Warren, Porter and Russell",Barry Sanchez,davideverett@example.net,Gold,"Thomas, Smith and Velasquez",South
136,2025-03-20,2,890.12,Follow,Home,Collins-Simon,Kathryn Vasquez,jimmy98@example.org,Bronze,"Myers, Castro and Clark",South
531,2025-09-15,2,820.64,Music,Clothing,"Warren, Porter and Russell",Jessica Mason,heathaaron@example.com,Bronze,Blevins PLC,East
902,2024-11-26,5,2300.45,Against,Clothing,Deleon-Johnson,Eric Escobar,sean67@example.net,Silver,"Thomas, Smith and Velasquez",South
916,2025-03-21,1,451.2,Wrong,Home,"Howard, Vang and Reed",Thomas Barnes,gblackburn@example.net,Bronze,Blevins PLC,East
875,2025-04-06,3,587.01,Everybody,Electronics,Tapia-Brown,Karen Murray,tylermorales@example.com,Bronze,"Thomas, Smith and Velasquez",South
880,2025-02-07,3,829.98,Her,Home,"Cannon, Myers and Clark",Christina Johnson,aaron02@example.org,Bronze,"Thomas, Smith and Velasquez",South
646,2024-10-27,4,393.8,Test,Home,Carter and Sons,Erica Nguyen,zconley@example.org,Silver,Wilson LLC,West
716,2025-05-05,3,1355.79,Everybody,Electronics,Tapia-Brown,Michael Garcia,murrayjennifer@example.org,Bronze,Jackson Group,East
838,2025-01-27,2,332.7,Against,Clothing,Deleon-Johnson,Philip Foster,fergusonnatalie@example.com,Silver,"Myers, Castro and Clark",South
158,2024-09-27,4,868.76,Form,Home,"Stewart, Carney and Lynn",Rhonda Bailey,uedwards@example.org,Gold,"Parker, Rodriguez and Contreras",East
561,2025-06-03,5,968.0,Cell,Home,Quinn and Sons,Melanie King,marie60@example.net,Silver,"Myers, Castro and Clark",South
697,2025-06-05,5,982.05,Scene,Electronics,"Moreno, Robinson and Livingston",Marissa Howell,gjames@example.com,Gold,Randall-Sanders,North
197,2025-08-02,2,518.86,How,Home,"Calderon, Powell and Thompson",Jennifer Boyd,smartinez@example.com,Bronze,Randall-Sanders,North
631,2024-10-24,5,463.2,Scene,Electronics,"Moreno, Robinson and Livingston",William Garcia,turnerchristopher@example.org,Gold,"Thomas, Smith and Velasquez",South
869,2025-04-12,1,431.48,Travel,Home,Solis-Norris,Eric Escobar,sean67@example.net,Silver,Huerta-Lee,East
205,2025-04-07,3,1163.97,Language,Beauty,Gibbs-Parker,Paul Smith,johnathananderson@example.net,Gold,Davis PLC,East
388,2025-07-22,4,474.52,Purpose,Clothing,"Dougherty, Lee and Graves",Tammy Lozano,nthompson@example.net,Bronze,Wilson LLC,West
588,2025-03-09,4,977.04,Effect,Beauty,Harris Group,Marissa Howell,gjames@example.com,Gold,Randall-Sanders,North
825,2025-04-28,1,424.56,Art,Home,Lester Ltd,Anthony Stafford PhD,jhernandez@example.net,Gold,"Myers, Castro and Clark",South
93,2024-09-30,3,461.31,Young,Beauty,Salas Group,Mark Cisneros,charleslorraine@example.net,Silver,Cameron-Austin,North
371,2024-12-25,4,1997.88,Wrong,Home,"Howard, Vang and Reed",Jasmin Johnson,fking@example.org,Bronze,"Thomas, Smith and Velasquez",South
570,2024-09-18,4,1037.72,Individual,Clothing,Smith-Castaneda,Craig Sims,theresajenkins@example.net,Gold,Davis PLC,East
647,2024-09-21,3,527.37,Keep,Home,Hodges PLC,Ana Reed,bethherring@example.org,Gold,Davis PLC,East
867,2025-09-07,3,619.92,Purpose,Clothing,"Dougherty, Lee and Graves",Jonathan Acevedo,nicole74@example.net,Gold,Davis PLC,East
124,2025-02-09,5,1334.5,Her,Home,"Cannon, Myers and Clark",Emily Zhang,amyconley@example.net,Silver,"Thomas, Smith and Velasquez",South
272,2024-12-27,5,2102.05,Keep,Home,Hodges PLC,Daniel Morales,jeffreyjimenez@example.com,Bronze,Randall-Sanders,North
751,2025-04-08,4,1340.4,Home,Beauty,Griffin LLC,Kelsey Scott,hbarber@example.net,Bronze,"Myers, Castro and Clark",South
795,2025-01-24,4,560.16,Effect,Beauty,Harris Group,Jessica Miles,rachelchavez@example.net,Silver,"Thomas, Smith and Velasquez",South
876,2025-01-23,1,409.39,Individual,Clothing,Smith-Castaneda,Kenneth Hardin,juarezdylan@example.net,Bronze,"Thomas, Smith and Velasquez",South
66,2025-01-18,1,461.85,Language,Beauty,Gibbs-Parker,Linda Conley,lucascalhoun@example.net,Silver,Cameron-Austin,North
161,2025-01-19,4,1030.28,Special,Clothing,"Allison, Rivers and Hurst",Kevin Salazar,brooke15@example.com,Gold,"Myers, Castro and Clark",South
442,2024-12-30,4,352.72,Seat,Clothing,Patterson Ltd,Joseph Foster,lgardner@example.com,Silver,Wilson LLC,West
478,2025-02-24,2,874.54,Purpose,Clothing,"Dougherty, Lee and Graves",Emily Zhang,amyconley@example.net,Silver,"Myers, Castro and Clark",South
882,2024-12-25,1,311.57,How,Home,"Calderon, Powell and Thompson",Thomas Barnes,gblackburn@example.net,Bronze,Wilson LLC,West
668,2025-05-02,4,1005.88,Cell,Home,Quinn and Sons,Jessica Mason,heathaaron@example.com,Bronze,Cameron-Austin,North
397,2025-03-10,4,1729.92,Pressure,Electronics,"Horn, Andrews and Jones",Stephen Choi,mallen@example.org,Gold,Wilson LLC,West
568,2025-08-30,2,304.54,Task,Beauty,"Parrish, Taylor and Delgado",Jeffrey Stevens,popechristopher@example.org,Silver,"Parker, Rodriguez and Contreras",East
741,2025-08-30,2,917.72,Young,Beauty,Salas Group,Daniel Robertson,moorepaul@example.com,Bronze,Cameron-Austin,North
87,2024-09-28,1,473.64,Test,Home,Carter and Sons,Scott Jones,john75@example.com,Gold,Wilson LLC,West
135,2025-01-10,1,435.23,Protect,Home,Levy Inc,Joseph Foster,lgardner@example.com,Silver,Huerta-Lee,East
505,2025-02-15,4,842.92,Individual,Clothing,Smith-Castaneda,Timothy Morales,michael30@example.org,Silver,Davis PLC,East
796,2025-02-22,2,931.68,Party,Electronics,Hill Ltd,Nancy Potter,amy16@example.org,Bronze,"Parker, Rodriguez and Contreras",East
996,2025-08-08,4,1718.76,Against,Clothing,Deleon-Johnson,Russell Jones,xwright@example.org,Gold,Jackson Group,East
237,2024-12-01,1,359.28,Art,Home,Lester Ltd,Alexis Miller,wmarshall@example.net,Silver,Randall-Sanders,North
207,2024-12-16,3,643.65,Against,Clothing,Deleon-Johnson,Brittany Brown,michelleolson@example.net,Silver,Randall-Sanders,North
555,2025-08-20,5,1739.95,Accept,Beauty,"Morris, Cobb and Hunter",Emma Lewis,stephanie71@example.net,Silver,"Parker, Rodriguez and Contreras",East
279,2024-09-27,4,452.12,Follow,Home,Collins-Simon,Laurie Campbell,katherinepatterson@example.com,Silver,Davis PLC,East
375,2025-08-11,3,1170.6,Seat,Clothing,Patterson Ltd,Tyler Wolfe,kimnicole@example.org,Gold,Huerta-Lee,East
479,2024-10-24,3,1045.83,Follow,Home,Collins-Simon,John Rodriguez,christine18@example.net,Bronze,Huerta-Lee,East
614,2025-03-11,4,1833.68,Method,Home,Freeman Group,Emma Lewis,stephanie71@example.net,Silver,Cameron-Austin,North
828,2025-01-16,3,335.52,Purpose,Clothing,"Dougherty, Lee and Graves",Nancy Frazier,bishopashley@example.org,Bronze,Randall-Sanders,North
95,2025-02-05,5,2182.05,Energy,Clothing,Cooper and Sons,Jeremiah Martin,patricia12@example.com,Bronze,Blevins PLC,East
648,2025-05-30,3,510.18,Language,Beauty,Gibbs-Parker,Jackson Logan,hflores@example.org,Silver,Davis PLC,East
887,2024-11-13,5,1000.8,Scene,Electronics,"Moreno, Robinson and Livingston",Jennifer Boyd,smartinez@example.com,Bronze,Huerta-Lee,East
912,2025-02-18,1,401.45,Usually,Beauty,James LLC,Raymond Gonzalez MD,bwilcox@example.com,Bronze,Randall-Sanders,North
937,2024-10-09,5,2090.55,Energy,Clothing,Cooper and Sons,Kevin Salazar,brooke15@example.com,Gold,Davis PLC,East
144,2024-09-30,2,884.48,How,Home,"Calderon, Powell and Thompson",Margaret Hughes,susansanchez@example.org,Bronze,Randall-Sanders,North
597,2025-08-01,3,1089.12,Task,Beauty,"Parrish, Taylor and Delgado",Meagan Mccarthy,brownrobert@example.com,Silver,Huerta-Lee,East
847,2025-07-05,4,903.8,Language,Beauty,Gibbs-Parker,Veronica Johnson,cervantesamanda@example.org,Gold,Cameron-Austin,North
877,2025-05-02,4,1132.52,Enough,Clothing,Jones PLC,Jesse Chen,wmoore@example.org,Gold,Cameron-Austin,North
469,2024-12-11,5,1138.5,Follow,Home,Collins-Simon,Erik Reed,michael73@example.org,Silver,Huerta-Lee,East
844,2024-10-12,4,1259.44,Pressure,Electronics,"Horn, Andrews and Jones",Sandra Wilson,carlaclark@example.org,Bronze,Randall-Sanders,North
215,2025-01-25,4,1627.2,Task,Beauty,"Parrish, Taylor and Delgado",Paul Smith,johnathananderson@example.net,Gold,"Thomas, Smith and Velasquez",South
202,2025-05-29,3,1374.66,Rather,Beauty,"Johnson, Watts and Douglas",Ashley Phillips,petersenroberto@example.com,Gold,Jackson Group,East
445,2025-02-10,2,999.02,For,Home,"Brock, Fuller and Valdez",David Brown,martinkevin@example.com,Bronze,Blevins PLC,East
542,2025-02-24,3,700.41,With,Clothing,Greene-Barnes,Jerry Cain,stephanie88@example.net,Silver,Randall-Sanders,North
551,2024-10-05,5,2346.65,Important,Beauty,Murphy-Lang,Marissa Howell,gjames@example.com,Gold,"Thomas, Smith and Velasquez",South
554,2025-06-21,4,1556.36,Usually,Beauty,James LLC,William Garcia,turnerchristopher@example.org,Gold,Randall-Sanders,North
636,2025-03-26,2,946.16,Accept,Beauty,"Morris, Cobb and Hunter",Ashley Phillips,petersenroberto@example.com,Gold,Jackson Group,East
642,2025-02-23,3,1062.87,Young,Beauty,Salas Group,Mrs. Lauren Mcconnell,nathanowens@example.org,Silver,Blevins PLC,East
841,2025-06-14,5,1729.05,Against,Clothing,Deleon-Johnson,Brandon Rice,cathy68@example.net,Silver,Huerta-Lee,East
91,2024-12-25,1,369.44,Task,Beauty,"Parrish, Taylor and Delgado",Bill Wright,nicole95@example.net,Silver,Blevins PLC,East
120,2025-04-15,5,2424.45,Scene,Electronics,"Moreno, Robinson and Livingston",Joanna Stone,calvinrobinson@example.net,Silver,Davis PLC,East
121,2024-10-14,3,1355.67,Anyone,Clothing,Johnson Ltd,Karen Collins,williamsmith@example.org,Silver,Jackson Group,East
259,2024-10-20,4,1385.44,Test,Home,Carter and Sons,Thomas Barnes,gblackburn@example.net,Bronze,Randall-Sanders,North
327,2025-02-18,5,2036.65,Against,Clothing,Deleon-Johnson,Mrs. Lauren Mcconnell,nathanowens@example.org,Silver,Huerta-Lee,East
175,2024-11-29,5,739.75,Keep,Home,Hodges PLC,Jason Sharp,qcombs@example.com,Silver,"Myers, Castro and Clark",South
560,2025-05-12,5,742.05,Seat,Clothing,Patterson Ltd,Christina Johnson,aaron02@example.org,Bronze,Cameron-Austin,North
592,2025-07-08,5,1368.95,His,Electronics,"Pineda, Frederick and Frey",Hannah Cortez MD,adam75@example.org,Silver,"Parker, Rodriguez and Contreras",East
320,2024-12-05,3,669.99,Everybody,Electronics,Tapia-Brown,Lisa Adams,williamwood@example.com,Silver,Blevins PLC,East
501,2025-07-18,2,966.16,For,Home,"Brock, Fuller and Valdez",Amy Underwood,shawchristina@example.net,Silver,Cameron-Austin,North
107,2025-05-19,3,664.38,Travel,Home,Solis-Norris,Darrell Wells,collinstimothy@example.org,Bronze,Davis PLC,East
304,2024-11-24,3,459.69,Purpose,Clothing,"Dougherty, Lee and Graves",Rhonda Bailey,uedwards@example.org,Gold,Davis PLC,East
695,2025-05-24,4,1199.88,Effect,Beauty,Harris Group,Daniel Robertson,moorepaul@example.com,Bronze,"Thomas, Smith and Velasquez",South
917,2024-11-20,5,2463.45,Individual,Clothing,Smith-Castaneda,Brenda Robertson,kevin65@example.net,Silver,"Myers, Castro and Clark",South
975,2025-09-15,3,857.37,Wrong,Home,"Howard, Vang and Reed",Bill Wright,nicole95@example.net,Silver,Davis PLC,East
581,2024-09-28,1,307.63,How,Home,"Calderon, Powell and Thompson",Christina Johnson,aaron02@example.org,Bronze,Randall-Sanders,North
804,2025-04-17,2,855.2,Home,Beauty,Griffin LLC,Amber Gomez,walshdanielle@example.com,Silver,Davis PLC,East
102,2025-02-02,2,759.66,Young,Beauty,Salas Group,Karen Collins,williamsmith@example.org,Silver,"Parker, Rodriguez and Contreras",East
152,2024-12-01,4,495.96,Seat,Clothing,Patterson Ltd,Monica Lopez,myersstephanie@example.com,Bronze,Huerta-Lee,East
583,2025-02-20,2,353.06,Accept,Beauty,"Morris, Cobb and Hunter",John Rodriguez,christine18@example.net,Bronze,Cameron-Austin,North
309,2025-08-15,5,2408.5,Follow,Home,Collins-Simon,Brittany Brown,michelleolson@example.net,Silver,"Parker, Rodriguez and Contreras",East
357,2025-08-21,3,1099.68,Travel,Home,Solis-Norris,Darlene Williams,nrivas@example.com,Silver,Blevins PLC,East
893,2025-02-11,3,1190.1,Effect,Beauty,Harris Group,Kelsey Scott,hbarber@example.net,Bronze,"Parker, Rodriguez and Contreras",East
21,2025-08-13,2,673.84,Young,Beauty,Salas Group,James Stewart,patrick32@example.net,Bronze,Davis PLC,East
126,2024-11-01,5,510.95,Special,Clothing,"Allison, Rivers and Hurst",Raymond Hubbard,caseyball@example.org,Bronze,Jackson Group,East
677,2024-09-16,5,1177.45,Against,Clothing,Deleon-Johnson,Raymond Gonzalez MD,bwilcox@example.com,Bronze,Cameron-Austin,North
778,2024-10-27,3,1486.11,Form,Home,"Stewart, Carney and Lynn",Craig Shaffer,rachel74@example.com,Gold,"Parker, Rodriguez and Contreras",East
928,2025-04-28,3,1083.78,Charge,Home,"Wang, Hamilton and Gentry",Linda Brooks,mark20@example.org,Silver,Jackson Group,East
35,2024-12-17,4,598.28,Experience,Electronics,"Rios, Carpenter and Bennett",Brenda Robertson,kevin65@example.net,Silver,"Parker, Rodriguez and Contreras",East
134,2025-08-02,5,2283.5,Cell,Home,Quinn and Sons,Christina Johnson,aaron02@example.org,Bronze,Blevins PLC,East
480,2025-04-22,5,542.25,Language,Beauty,Gibbs-Parker,Angela Jones,phillipsamy@example.com,Bronze,"Myers, Castro and Clark",South
724,2025-08-29,2,705.6,Rather,Beauty,"Johnson, Watts and Douglas",Brittany Brown,michelleolson@example.net,Silver,"Thomas, Smith and Velasquez",South
726,2024-09-29,3,966.03,Wrong,Home,"Howard, Vang and Reed",Lisa Lopez,rachel55@example.com,Bronze,"Thomas, Smith and Velasquez",South
835,2024-10-02,5,456.25,Cell,Home,Quinn and Sons,Alyssa Long,vdavidson@example.net,Bronze,Wilson LLC,West
12,2024-10-31,4,849.88,Form,Home,"Stewart, Carney and Lynn",Daniel Robinson,murrayderek@example.com,Bronze,"Thomas, Smith and Velasquez",South
342,2024-12-07,5,990.4,Energy,Clothing,Cooper and Sons,Samantha Henderson,juan90@example.net,Bronze,Blevins PLC,East
414,2024-09-18,3,1170.36,Party,Electronics,Hill Ltd,Craig Sims,theresajenkins@example.net,Gold,Randall-Sanders,North
425,2025-01-07,5,2031.45,Four,Beauty,Obrien Group,Thomas Barnes,gblackburn@example.net,Bronze,"Myers, Castro and Clark",South
499,2025-01-17,4,1527.48,Scene,Electronics,"Moreno, Robinson and Livingston",Kelly Byrd,mathew57@example.org,Bronze,Blevins PLC,East
757,2025-03-13,5,559.95,Charge,Home,"Wang, Hamilton and Gentry",Jessica Williams,marieandrews@example.org,Silver,Wilson LLC,West
932,2025-03-27,2,643.56,Bill,Home,Garcia-Baker,Lisa Garcia,jesushopkins@example.net,Bronze,Blevins PLC,East
68,2025-02-15,3,1208.4,Husband,Electronics,Haynes Group,Meagan Mccarthy,brownrobert@example.com,Silver,Randall-Sanders,North
308,2025-04-07,4,1616.76,Bill,Home,Garcia-Baker,Adam Zimmerman,oyoung@example.org,Silver,Randall-Sanders,North
333,2025-05-21,3,1149.69,Against,Clothing,Deleon-Johnson,Douglas Reyes,vrubio@example.org,Bronze,Randall-Sanders,North
525,2025-02-23,1,428.33,Enough,Clothing,Jones PLC,Nancy Potter,amy16@example.org,Bronze,Cameron-Austin,North
633,2025-03-04,5,1069.6,Effect,Beauty,Harris Group,Jasmin Johnson,fking@example.org,Bronze,"Parker, Rodriguez and Contreras",East
103,2024-11-04,1,308.34,Method,Home,Freeman Group,Erin Mitchell,robin35@example.org,Silver,Randall-Sanders,North
406,2025-07-11,5,1456.7,Test,Home,Carter and Sons,Rhonda Bailey,uedwards@example.org,Gold,"Parker, Rodriguez and Contreras",East
770,2025-03-28,3,894.0,Usually,Beauty,James LLC,Veronica Johnson,cervantesamanda@example.org,Gold,Blevins PLC,East
221,2024-10-09,3,882.69,Music,Clothing,"Warren, Porter and Russell",Ronald Williams,pklein@example.com,Gold,Wilson LLC,West
435,2025-01-13,1,446.32,Usually,Beauty,James LLC,Bill Wright,nicole95@example.net,Silver,"Myers, Castro and Clark",South
489,2025-05-11,1,413.1,Home,Beauty,Griffin LLC,Nathan Cochran,qscott@example.com,Gold,"Parker, Rodriguez and Contreras",East
545,2024-12-28,4,1411.88,Wrong,Home,"Howard, Vang and Reed",Philip Foster,fergusonnatalie@example.com,Silver,"Thomas, Smith and Velasquez",South
660,2024-10-04,1,303.58,Test,Home,Carter and Sons,Luis Phelps,palmertroy@example.net,Gold,Wilson LLC,West
811,2024-10-06,2,306.66,Husband,Electronics,Haynes Group,Laura Mathews,john99@example.com,Gold,"Parker, Rodriguez and Contreras",East
979,2024-11-14,1,401.83,Seat,Clothing,Patterson Ltd,Hannah Cortez MD,adam75@example.org,Silver,Blevins PLC,East
138,2025-01-14,5,1885.15,Anyone,Clothing,Johnson Ltd,Paul Smith,johnathananderson@example.net,Gold,"Myers, Castro and Clark",South
261,2024-11-21,2,587.66,Music,Clothing,"Warren, Porter and Russell",Luis Phelps,palmertroy@example.net,Gold,Huerta-Lee,East
288,2025-07-09,4,1441.48,Experience,Electronics,"Rios, Carpenter and Bennett",Trevor Parker,brookemanning@example.com,Silver,Wilson LLC,West
365,2024-10-25,2,301.64,Rather,Beauty,"Johnson, Watts and Douglas",Blake Perry,bbrown@example.org,Gold,"Myers, Castro and Clark",South
418,2024-12-10,1,328.39,Keep,Home,Hodges PLC,Erica Nguyen,zconley@example.org,Silver,Blevins PLC,East
797,2025-04-07,2,858.88,Four,Beauty,Obrien Group,Jennifer Jenkins,barronsherri@example.org,Gold,Huerta-Lee,East
263,2025-01-14,4,719.52,Cell,Home,Quinn and Sons,Rhonda Bailey,uedwards@example.org,Gold,Davis PLC,East
486,2025-06-25,3,1487.34,Rather,Beauty,"Johnson, Watts and Douglas",Bill Wright,nicole95@example.net,Silver,Huerta-Lee,East
620,2024-12-29,5,1558.35,Individual,Clothing,Smith-Castaneda,Ashley Phillips,petersenroberto@example.com,Gold,Huerta-Lee,East
24,2024-11-16,4,1689.32,For,Home,"Brock, Fuller and Valdez",Kathryn Vasquez,jimmy98@example.org,Bronze,"Myers, Castro and Clark",South
268,2025-06-06,5,1981.3,Wrong,Home,"Howard, Vang and Reed",Kenneth Hardin,juarezdylan@example.net,Bronze,"Thomas, Smith and Velasquez",South
473,2025-08-25,3,1217.16,Usually,Beauty,James LLC,Nancy Frazier,bishopashley@example.org,Bronze,Huerta-Lee,East
703,2025-02-28,5,2342.2,Young,Beauty,Salas Group,Linda Brooks,mark20@example.org,Silver,Davis PLC,East
535,2025-01-31,3,1310.01,Party,Electronics,Hill Ltd,George Burch,jonathanmorgan@example.net,Bronze,Davis PLC,East
976,2025-09-05,5,1164.95,Receive,Clothing,"Garcia, Taylor and Harris",Craig Sims,theresajenkins@example.net,Gold,"Thomas, Smith and Velasquez",South
985,2025-09-07,3,303.03,Risk,Clothing,Goodwin LLC,William Martin,ojimenez@example.com,Bronze,Cameron-Austin,North
997,2025-02-06,5,842.35,Test,Home,Carter and Sons,Raymond Gonzalez MD,bwilcox@example.com,Bronze,Randall-Sanders,North
40,2025-08-04,3,490.26,Anyone,Clothing,Johnson Ltd,Anna Collier,erikaperez@example.net,Silver,Wilson LLC,West
599,2025-06-05,4,1013.44,Individual,Clothing,Smith-Castaneda,Virginia Davis,amybest@example.net,Bronze,Jackson Group,East
666,2025-04-03,2,321.4,Risk,Clothing,Goodwin LLC,Rachael Woodard DVM,hicksandrea@example.net,Silver,Huerta-Lee,East
249,2025-05-06,5,513.5,Special,Clothing,"Allison, Rivers and Hurst",Barry Sanchez,davideverett@example.net,Gold,Blevins PLC,East
594,2025-08-21,2,503.92,Wrong,Home,"Howard, Vang and Reed",Kari Nelson,nhall@example.net,Silver,Jackson Group,East
836,2024-12-01,2,937.66,With,Clothing,Greene-Barnes,Frank Simon,oconnorjodi@example.net,Silver,Davis PLC,East
970,2025-07-07,2,945.78,Charge,Home,"Wang, Hamilton and Gentry",Daniel Robinson,murrayderek@example.com,Bronze,"Parker, Rodriguez and Contreras",East
675,2025-02-15,5,2175.6,Pressure,Electronics,"Horn, Andrews and Jones",Jessica Miles,rachelchavez@example.net,Silver,Blevins PLC,East
702,2025-06-05,5,470.9,With,Clothing,Greene-Barnes,Rhonda Bailey,uedwards@example.org,Gold,Huerta-Lee,East
900,2024-10-16,5,1984.3,With,Clothing,Greene-Barnes,Jason Sharp,qcombs@example.com,Silver,Blevins PLC,East
86,2025-05-09,3,585.06,Important,Beauty,Murphy-Lang,Nicole Neal,hernandezmichael@example.com,Bronze,"Myers, Castro and Clark",South
193,2025-08-17,3,890.01,Home,Beauty,Griffin LLC,Frank Simon,oconnorjodi@example.net,Silver,"Thomas, Smith and Velasquez",South
244,2025-06-25,4,1826.76,Effect,Beauty,Harris Group,Ashley Floyd,hgarcia@example.org,Silver,Cameron-Austin,North
278,2025-06-23,2,919.44,Travel,Home,Solis-Norris,James Smith,craig12@example.org,Gold,Huerta-Lee,East
567,2025-04-28,5,999.55,Form,Home,"Stewart, Carney and Lynn",Mark Cisneros,charleslorraine@example.net,Silver,Cameron-Austin,North
645,2025-01-15,3,738.84,Method,Home,Freeman Group,Garrett Patterson,msanchez@example.net,Bronze,Huerta-Lee,East
9,2024-09-28,5,1849.7,Energy,Clothing,Cooper and Sons,Amber Gomez,walshdanielle@example.com,Silver,"Parker, Rodriguez and Contreras",East
160,2025-02-14,1,434.59,Language,Beauty,Gibbs-Parker,Amy Underwood,shawchristina@example.net,Silver,Blevins PLC,East
283,2025-07-17,2,571.78,Art,Home,Lester Ltd,Carolyn Taylor,afrost@example.org,Bronze,"Parker, Rodriguez and Contreras",East
451,2024-11-25,3,706.65,Rest,Beauty,"Ramirez, Montgomery and Malone",Rebecca Davis,brycemurphy@example.net,Silver,Huerta-Lee,East
610,2025-01-18,4,1555.2,Energy,Clothing,Cooper and Sons,Rhonda Bailey,uedwards@example.org,Gold,Wilson LLC,West
883,2025-07-09,5,2407.8,Everybody,Electronics,Tapia-Brown,Nancy Frazier,bishopashley@example.org,Bronze,Randall-Sanders,North
906,2024-10-14,2,614.4,His,Electronics,"Pineda, Frederick and Frey",Ashley Floyd,hgarcia@example.org,Silver,Davis PLC,East
942,2024-11-23,4,629.28,Store,Electronics,Johnson-Phillips,Linda Brooks,mark20@example.org,Silver,Davis PLC,East
14,2025-04-16,3,601.02,Individual,Clothing,Smith-Castaneda,Craig Shaffer,rachel74@example.com,Gold,"Thomas, Smith and Velasquez",South
973,2025-07-22,3,618.6,Century,Home,Joseph-Edwards,Jonathan Acevedo,nicole74@example.net,Gold,"Myers, Castro and Clark",South
292,2025-04-21,3,1436.79,Everybody,Electronics,Tapia-Brown,Paul Smith,johnathananderson@example.net,Gold,"Thomas, Smith and Velasquez",South
481,2024-11-15,4,1514.48,How,Home,"Calderon, Powell and Thompson",William Carter,csmith@example.org,Bronze,Wilson LLC,West
543,2025-04-24,4,777.2,Travel,Home,Solis-Norris,Ana Reed,bethherring@example.org,Gold,Huerta-Lee,East
586,2025-08-28,5,1893.75,Party,Electronics,Hill Ltd,Bridget Murphy,williamsmonica@example.com,Silver,Davis PLC,East
756,2024-12-03,4,1535.44,Form,Home,"Stewart, Carney and Lynn",Kari Nelson,nhall@example.net,Silver,Huerta-Lee,East
993,2024-12-25,2,876.32,Experience,Electronics,"Rios, Carpenter and Bennett",David Brown,martinkevin@example.com,Bronze,"Parker, Rodriguez and Contreras",East
537,2025-08-28,4,389.48,For,Home,"Brock, Fuller and Valdez",Raymond Hubbard,caseyball@example.org,Bronze,"Myers, Castro and Clark",South
557,2025-02-24,4,416.92,Husband,Electronics,Haynes Group,Jessica Sosa,robinhill@example.org,Silver,Randall-Sanders,North
992,2025-07-21,4,778.92,Keep,Home,Hodges PLC,Alexis Miller,wmarshall@example.net,Silver,Davis PLC,East
4,2025-09-16,1,478.2,Travel,Home,Solis-Norris,Jennifer Jenkins,barronsherri@example.org,Gold,"Thomas, Smith and Velasquez",South
110,2025-02-18,4,1903.96,Receive,Clothing,"Garcia, Taylor and Harris",Katherine Whitehead,kenneth81@example.org,Bronze,Jackson Group,East
235,2025-07-19,1,411.71,Enough,Clothing,Jones PLC,Susan Mcdowell,usmith@example.org,Bronze,"Parker, Rodriguez and Contreras",East
128,2025-08-03,3,1086.06,Do,Home,Edwards-Aguilar,Chad Romero,yodonnell@example.net,Bronze,Jackson Group,East
229,2025-06-23,3,1263.36,Protect,Home,Levy Inc,Allen Gross,dannybrown@example.com,Gold,"Thomas, Smith and Velasquez",South
319,2025-07-30,2,907.7,Scene,Electronics,"Moreno, Robinson and Livingston",David Brown,martinkevin@example.com,Bronze,Blevins PLC,East
436,2025-07-30,4,493.04,Travel,Home,Solis-Norris,Deborah Frost,shelly89@example.org,Bronze,Huerta-Lee,East
464,2024-11-16,1,470.81,Four,Beauty,Obrien Group,Jacqueline Huerta,alexandermolly@example.net,Bronze,Cameron-Austin,North
775,2025-06-15,5,1717.65,Husband,Electronics,Haynes Group,Andrea Parker,yvonne93@example.net,Gold,Blevins PLC,East
173,2025-06-21,4,695.6,Form,Home,"Stewart, Carney and Lynn",Rhonda Bailey,uedwards@example.org,Gold,"Thomas, Smith and Velasquez",South
287,2025-03-24,5,392.75,Music,Clothing,"Warren, Porter and Russell",Douglas Reyes,vrubio@example.org,Bronze,Huerta-Lee,East
99,2024-12-15,5,1963.75,Party,Electronics,Hill Ltd,Mrs. Lauren Mcconnell,nathanowens@example.org,Silver,Cameron-Austin,North
258,2024-12-01,5,1141.35,Accept,Beauty,"Morris, Cobb and Hunter",Jessica Mason,heathaaron@example.com,Bronze,Davis PLC,East
575,2025-05-14,4,1562.64,Keep,Home,Hodges PLC,Michael Garcia,murrayjennifer@example.org,Bronze,Davis PLC,East
603,2025-04-20,4,1260.6,Receive,Clothing,"Garcia, Taylor and Harris",John Rodriguez,christine18@example.net,Bronze,Blevins PLC,East
699,2025-01-17,4,1244.56,Enough,Clothing,Jones PLC,David Brown,martinkevin@example.com,Bronze,Davis PLC,East
130,2025-03-13,4,322.12,Charge,Home,"Wang, Hamilton and Gentry",Ian Ritter,millerdaniel@example.com,Silver,Wilson LLC,West
312,2025-01-11,1,308.5,Century,Home,Joseph-Edwards,James Fernandez,stevensoncathy@example.com,Gold,Randall-Sanders,North
410,2024-11-10,4,1609.8,Pressure,Electronics,"Horn, Andrews and Jones",Eric Keller,kristishelton@example.org,Bronze,Davis PLC,East
671,2025-08-12,5,736.65,Bill,Home,Garcia-Baker,Daniel Robinson,murrayderek@example.com,Bronze,"Myers, Castro and Clark",South
899,2025-09-03,5,1303.5,Experience,Electronics,"Rios, Carpenter and Bennett",Susan Mcdowell,usmith@example.org,Bronze,Davis PLC,East
90,2025-01-05,3,420.09,Everybody,Electronics,Tapia-Brown,Benjamin Lindsey,dwilcox@example.net,Silver,Cameron-Austin,North
114,2025-03-21,2,460.38,Bill,Home,Garcia-Baker,Kevin Salazar,brooke15@example.com,Gold,"Parker, Rodriguez and Contreras",East
753,2025-09-06,1,399.96,Young,Beauty,Salas Group,George Burch,jonathanmorgan@example.net,Bronze,Wilson LLC,West
696,2025-05-05,4,901.24,Century,Home,Joseph-Edwards,Russell Jones,xwright@example.org,Gold,"Myers, Castro and Clark",South
714,2025-01-12,5,911.15,Keep,Home,Hodges PLC,Victoria Miranda,mitchellmark@example.net,Silver,Cameron-Austin,North
69,2024-11-22,3,479.85,Party,Electronics,Hill Ltd,James Fernandez,stevensoncathy@example.com,Gold,"Parker, Rodriguez and Contreras",East
77,2025-02-10,2,384.54,Do,Home,Edwards-Aguilar,Brian Peterson,renee53@example.org,Silver,Davis PLC,East
273,2025-05-11,3,709.02,Anyone,Clothing,Johnson Ltd,Adam Zimmerman,oyoung@example.org,Silver,Jackson Group,East
548,2025-09-06,4,673.44,Party,Electronics,Hill Ltd,Jose Rhodes,aestes@example.org,Gold,Huerta-Lee,East
854,2025-06-05,4,1875.36,Charge,Home,"Wang, Hamilton and Gentry",William Garcia,turnerchristopher@example.org,Gold,Blevins PLC,East
969,2025-05-03,4,1007.76,Home,Beauty,Griffin LLC,Kelly Byrd,mathew57@example.org,Bronze,Davis PLC,East
67,2025-08-31,4,1657.44,Her,Home,"Cannon, Myers and Clark",Shawn Carey,davidwilkerson@example.com,Silver,Davis PLC,East
71,2025-08-04,3,1355.46,Pressure,Electronics,"Horn, Andrews and Jones",David Buchanan,jeremy27@example.org,Silver,Cameron-Austin,North
225,2024-12-31,2,903.28,Music,Clothing,"Warren, Porter and Russell",Susan Mcdowell,usmith@example.org,Bronze,Randall-Sanders,North
291,2025-07-21,4,1440.04,Individual,Clothing,Smith-Castaneda,Manuel Strong,adam46@example.org,Bronze,"Parker, Rodriguez and Contreras",East
379,2025-08-14,4,1306.92,Language,Beauty,Gibbs-Parker,Andrew Gutierrez,alexandercooley@example.org,Silver,Jackson Group,East
728,2025-07-07,5,1026.1,For,Home,"Brock, Fuller and Valdez",Samantha Henderson,juan90@example.net,Bronze,Cameron-Austin,North
864,2024-09-23,3,328.2,With,Clothing,Greene-Barnes,Meghan Perkins,smithbrandon@example.org,Gold,Blevins PLC,East
924,2025-01-02,4,595.48,Home,Beauty,Griffin LLC,Andrew Cooper,terry03@example.com,Gold,Huerta-Lee,East
322,2024-11-17,2,836.26,Young,Beauty,Salas Group,Joshua Wagner,perezmichelle@example.net,Gold,Wilson LLC,West
959,2025-05-29,3,538.47,Scene,Electronics,"Moreno, Robinson and Livingston",Ralph Webb,keithreed@example.com,Bronze,"Myers, Castro and Clark",South
112,2025-01-06,4,1252.56,Four,Beauty,Obrien Group,Jacqueline Huerta,alexandermolly@example.net,Bronze,Randall-Sanders,North
507,2025-01-15,1,456.61,Form,Home,"Stewart, Carney and Lynn",Darlene Williams,nrivas@example.com,Silver,Wilson LLC,West
582,2025-03-31,2,784.08,Keep,Home,Hodges PLC,Adam Zimmerman,oyoung@example.org,Silver,Blevins PLC,East
615,2025-07-03,4,978.04,Seat,Clothing,Patterson Ltd,Andrew Leonard,susancarroll@example.net,Gold,Wilson LLC,West
688,2025-08-20,3,602.04,Party,Electronics,Hill Ltd,Emma Lewis,stephanie71@example.net,Silver,Huerta-Lee,East
713,2025-05-31,5,1341.25,Rest,Beauty,"Ramirez, Montgomery and Malone",Jerry Cain,stephanie88@example.net,Silver,Blevins PLC,East
767,2025-05-16,3,1463.13,Scene,Electronics,"Moreno, Robinson and Livingston",Thomas Barnes,gblackburn@example.net,Bronze,"Parker, Rodriguez and Contreras",East
962,2025-04-09,5,2381.55,Form,Home,"Stewart, Carney and Lynn",Andrew Gutierrez,alexandercooley@example.org,Silver,"Thomas, Smith and Velasquez",South
11,2025-03-28,3,421.32,Experience,Electronics,"Rios, Carpenter and Bennett",William Lane,charlesmartinez@example.org,Silver,Davis PLC,East
266,2025-02-28,4,543.96,Energy,Clothing,Cooper and Sons,Rachael Woodard DVM,hicksandrea@example.net,Silver,"Myers, Castro and Clark",South
649,2025-07-04,5,970.5,Cell,Home,Quinn and Sons,Marissa Howell,gjames@example.com,Gold,Cameron-Austin,North
117,2025-03-12,5,814.3,Four,Beauty,Obrien Group,Jonathan Taylor,craig91@example.com,Silver,Wilson LLC,West
404,2025-01-26,3,1404.0,How,Home,"Calderon, Powell and Thompson",Kathryn Vasquez,jimmy98@example.org,Bronze,"Myers, Castro and Clark",South
621,2025-03-09,5,2262.45,Task,Beauty,"Parrish, Taylor and Delgado",Susan Mcdowell,usmith@example.org,Bronze,"Myers, Castro and Clark",South
157,2024-11-10,5,1998.95,Bill,Home,Garcia-Baker,Mrs. Lauren Mcconnell,nathanowens@example.org,Silver,Randall-Sanders,North
493,2025-04-18,1,471.01,Test,Home,Carter and Sons,Mary Clark,michaelclarke@example.com,Bronze,"Myers, Castro and Clark",South
558,2025-08-10,4,1992.08,Husband,Electronics,Haynes Group,Hannah Cortez MD,adam75@example.org,Silver,Davis PLC,East
651,2025-07-09,2,538.4,Energy,Clothing,Cooper and Sons,Charles Davis,uturner@example.net,Bronze,"Thomas, Smith and Velasquez",South
802,2025-03-16,4,945.28,Usually,Beauty,James LLC,Mark Cisneros,charleslorraine@example.net,Silver,"Thomas, Smith and Velasquez",South
186,2024-10-26,3,622.74,Wrong,Home,"Howard, Vang and Reed",Jeremiah Martin,patricia12@example.com,Bronze,"Thomas, Smith and Velasquez",South
204,2025-01-20,3,757.02,Purpose,Clothing,"Dougherty, Lee and Graves",Amy Smith,yhall@example.net,Gold,"Thomas, Smith and Velasquez",South
759,2025-02-02,3,692.52,Century,Home,Joseph-Edwards,Carolyn Taylor,afrost@example.org,Bronze,Huerta-Lee,East
49,2025-03-02,3,529.95,Everybody,Electronics,Tapia-Brown,Kirsten Chan,phillipjackson@example.org,Silver,Cameron-Austin,North
428,2024-09-19,5,1823.7,Usually,Beauty,James LLC,Diane Patterson,gregorymartin@example.net,Silver,"Myers, Castro and Clark",South
509,2025-02-26,5,2491.0,Her,Home,"Cannon, Myers and Clark",Jennifer Boyd,smartinez@example.com,Bronze,"Thomas, Smith and Velasquez",South
510,2025-05-24,4,1008.12,Enough,Clothing,Jones PLC,Marissa Howell,gjames@example.com,Gold,Huerta-Lee,East
524,2025-05-19,2,360.88,Young,Beauty,Salas Group,Nancy Frazier,bishopashley@example.org,Bronze,Davis PLC,East
658,2025-03-11,1,498.62,Receive,Clothing,"Garcia, Taylor and Harris",Joshua Wagner,perezmichelle@example.net,Gold,Cameron-Austin,North
772,2025-06-28,3,1231.02,Test,Home,Carter and Sons,Rachael Woodard DVM,hicksandrea@example.net,Silver,"Parker, Rodriguez and Contreras",East
821,2024-10-13,5,908.5,Travel,Home,Solis-Norris,Michelle Thompson,scott14@example.net,Silver,"Myers, Castro and Clark",South
563,2025-01-17,2,944.22,With,Clothing,Greene-Barnes,John Rodriguez,christine18@example.net,Bronze,Blevins PLC,East
926,2024-12-27,1,418.43,Experience,Electronics,"Rios, Carpenter and Bennett",Jerry Cain,stephanie88@example.net,Silver,Wilson LLC,West
432,2025-05-17,2,439.38,Form,Home,"Stewart, Carney and Lynn",Margaret Hughes,susansanchez@example.org,Bronze,"Thomas, Smith and Velasquez",South
920,2025-04-20,3,984.9,Do,Home,Edwards-Aguilar,Anna Collier,erikaperez@example.net,Silver,"Myers, Castro and Clark",South
629,2024-09-19,4,439.76,Keep,Home,Hodges PLC,Ashley Floyd,hgarcia@example.org,Silver,"Myers, Castro and Clark",South
63,2025-01-13,1,360.53,With,Clothing,Greene-Barnes,Monica Lopez,myersstephanie@example.com,Bronze,Huerta-Lee,East
345,2025-05-15,3,615.27,Method,Home,Freeman Group,William Martin,ojimenez@example.com,Bronze,"Parker, Rodriguez and Contreras",East
532,2025-06-27,3,765.78,Rather,Beauty,"Johnson, Watts and Douglas",Luis Butler,pwhite@example.org,Bronze,Cameron-Austin,North
787,2025-06-13,4,1777.36,Mean,Home,Hammond Inc,Rhonda Bailey,uedwards@example.org,Gold,"Thomas, Smith and Velasquez",South
914,2024-10-03,4,1896.0,Language,Beauty,Gibbs-Parker,Nancy Frazier,bishopashley@example.org,Bronze,Randall-Sanders,North
315,2025-07-31,5,1737.3,Special,Clothing,"Allison, Rivers and Hurst",Jordan Hamilton,stephanie18@example.com,Gold,Huerta-Lee,East
710,2025-04-18,3,562.53,Language,Beauty,Gibbs-Parker,Jackson Logan,hflores@example.org,Silver,Davis PLC,East
721,2024-09-25,4,1236.08,Test,Home,Carter and Sons,Meagan Mccarthy,brownrobert@example.com,Silver,"Parker, Rodriguez and Contreras",East
818,2025-07-06,4,574.56,For,Home,"Brock, Fuller and Valdez",Barry Sanchez,davideverett@example.net,Gold,Wilson LLC,West
842,2025-04-17,4,749.72,Accept,Beauty,"Morris, Cobb and Hunter",Amy Smith,yhall@example.net,Gold,Jackson Group,East
280,2024-11-09,1,400.63,Seat,Clothing,Patterson Ltd,James Smith,craig12@example.org,Gold,Blevins PLC,East
936,2025-08-18,1,352.32,Store,Electronics,Johnson-Phillips,Adrian Bryan,calhounryan@example.com,Gold,Blevins PLC,East
314,2025-02-10,3,1267.56,Bill,Home,Garcia-Baker,Mary Clark,michaelclarke@example.com,Bronze,"Parker, Rodriguez and Contreras",East
359,2025-02-24,5,1378.7,Protect,Home,Levy Inc,Erik Reed,michael73@example.org,Silver,Jackson Group,East
140,2024-12-25,3,1378.38,Store,Electronics,Johnson-Phillips,Douglas Reyes,vrubio@example.org,Bronze,"Thomas, Smith and Velasquez",South
267,2025-03-09,2,804.32,His,Electronics,"Pineda, Frederick and Frey",Ashley Phillips,petersenroberto@example.com,Gold,"Thomas, Smith and Velasquez",South
392,2025-07-23,2,305.92,Keep,Home,Hodges PLC,Hannah Cortez MD,adam75@example.org,Silver,Cameron-Austin,North
843,2025-09-01,4,1576.8,Her,Home,"Cannon, Myers and Clark",Eric Escobar,sean67@example.net,Silver,Blevins PLC,East
178,2025-06-09,3,586.53,Form,Home,"Stewart, Carney and Lynn",Veronica Johnson,cervantesamanda@example.org,Gold,"Myers, Castro and Clark",South
827,2025-03-29,3,1235.82,Music,Clothing,"Warren, Porter and Russell",Daniel Nelson Jr.,melanie37@example.org,Gold,Jackson Group,East
874,2024-10-15,4,874.28,Purpose,Clothing,"Dougherty, Lee and Graves",Susan Mcdowell,usmith@example.org,Bronze,Cameron-Austin,North
981,2025-04-16,4,800.2,Music,Clothing,"Warren, Porter and Russell",Daniel Nelson Jr.,melanie37@example.org,Gold,"Myers, Castro and Clark",South
127,2024-12-19,3,556.02,Purpose,Clothing,"Dougherty, Lee and Graves",Kimberly Warren,vharris@example.net,Silver,Davis PLC,East
331,2025-03-20,1,312.07,Young,Beauty,Salas Group,Jonathan Taylor,craig91@example.com,Silver,"Myers, Castro and Clark",South
349,2025-03-17,4,589.0,Charge,Home,"Wang, Hamilton and Gentry",Erin Mitchell,robin35@example.org,Silver,"Thomas, Smith and Velasquez",South
368,2025-05-08,1,414.48,Accept,Beauty,"Morris, Cobb and Hunter",Adam Zimmerman,oyoung@example.org,Silver,Huerta-Lee,East
441,2024-09-25,2,454.02,Seat,Clothing,Patterson Ltd,Andrew Leonard,susancarroll@example.net,Gold,Blevins PLC,East
264,2025-08-26,3,1475.19,Anyone,Clothing,Johnson Ltd,Joseph Foster,lgardner@example.com,Silver,Randall-Sanders,North
693,2024-12-30,2,934.62,Energy,Clothing,Cooper and Sons,Eric Escobar,sean67@example.net,Silver,"Myers, Castro and Clark",South
922,2025-05-05,4,854.24,Young,Beauty,Salas Group,Kelly Byrd,mathew57@example.org,Bronze,Wilson LLC,West
119,2024-09-17,3,1154.91,Follow,Home,Collins-Simon,Anthony Stafford PhD,jhernandez@example.net,Gold,Huerta-Lee,East
201,2025-03-22,2,663.9,His,Electronics,"Pineda, Frederick and Frey",Nathan Cochran,qscott@example.com,Gold,Randall-Sanders,North
569,2025-06-05,2,993.78,His,Electronics,"Pineda, Frederick and Frey",Deborah Frost,shelly89@example.org,Bronze,"Parker, Rodriguez and Contreras",East
742,2025-02-09,4,603.28,Form,Home,"Stewart, Carney and Lynn",Andrew Gutierrez,alexandercooley@example.org,Silver,"Parker, Rodriguez and Contreras",East
909,2025-03-18,5,1948.3,Rather,Beauty,"Johnson, Watts and Douglas",Daniel Robertson,moorepaul@example.com,Bronze,"Thomas, Smith and Velasquez",South
182,2024-10-30,1,413.87,Lot,Home,Richmond PLC,Frank Simon,oconnorjodi@example.net,Silver,Davis PLC,East
302,2025-09-15,5,1322.65,Test,Home,Carter and Sons,Amanda Fitzgerald,lucasjeanette@example.net,Gold,"Parker, Rodriguez and Contreras",East
467,2025-06-14,4,1249.8,Rather,Beauty,"Johnson, Watts and Douglas",Thomas Barnes,gblackburn@example.net,Bronze,"Thomas, Smith and Velasquez",South
210,2025-08-22,5,1215.1,Risk,Clothing,Goodwin LLC,Jason Sharp,qcombs@example.com,Silver,Cameron-Austin,North
219,2024-10-06,2,498.38,Form,Home,"Stewart, Carney and Lynn",Emma Lewis,stephanie71@example.net,Silver,Jackson Group,East
183,2024-09-29,4,1729.16,Wrong,Home,"Howard, Vang and Reed",Andrew Cooper,terry03@example.com,Gold,Blevins PLC,East
326,2025-03-03,1,493.24,Keep,Home,Hodges PLC,William Garcia,turnerchristopher@example.org,Gold,Wilson LLC,West
606,2024-11-21,3,331.65,Scene,Electronics,"Moreno, Robinson and Livingston",Jennifer Jenkins,barronsherri@example.org,Gold,"Parker, Rodriguez and Contreras",East
673,2025-07-27,4,440.64,Energy,Clothing,Cooper and Sons,Linda Brooks,mark20@example.org,Silver,"Parker, Rodriguez and Contreras",East
971,2025-06-16,2,796.96,With,Clothing,Greene-Barnes,Daniel Robertson,moorepaul@example.com,Bronze,Wilson LLC,West
29,2025-03-22,4,1487.16,Her,Home,"Cannon, Myers and Clark",Benjamin Lindsey,dwilcox@example.net,Silver,Davis PLC,East
396,2024-09-24,1,400.22,Task,Beauty,"Parrish, Taylor and Delgado",Veronica Johnson,cervantesamanda@example.org,Gold,"Parker, Rodriguez and Contreras",East
839,2025-09-01,4,334.84,Method,Home,Freeman Group,Nathan Cochran,qscott@example.com,Gold,"Parker, Rodriguez and Contreras",East
888,2025-02-02,3,1012.77,Travel,Home,Solis-Norris,Madison Mcguire,rosejohn@example.com,Gold,Huerta-Lee,East
964,2025-08-28,2,523.76,Four,Beauty,Obrien Group,Sherry Rowe,jamesandrews@example.org,Gold,Huerta-Lee,East
241,2025-05-04,2,468.24,Protect,Home,Levy Inc,Paul Gill,zwilliams@example.com,Silver,Jackson Group,East
276,2025-03-26,4,1704.88,Form,Home,"Stewart, Carney and Lynn",Gary Munoz,shelby07@example.org,Bronze,Randall-Sanders,North
573,2024-09-20,2,654.74,Receive,Clothing,"Garcia, Taylor and Harris",Raymond Gonzalez MD,bwilcox@example.com,Bronze,Jackson Group,East
913,2025-08-05,4,1640.08,Experience,Electronics,"Rios, Carpenter and Bennett",Victoria Miranda,mitchellmark@example.net,Silver,"Myers, Castro and Clark",South
168,2025-09-16,4,1716.04,Charge,Home,"Wang, Hamilton and Gentry",Erin Mitchell,robin35@example.org,Silver,Jackson Group,East
405,2025-05-29,5,2283.4,Travel,Home,Solis-Norris,Nicholas Peters,diana89@example.com,Bronze,Jackson Group,East
681,2025-08-26,5,1814.75,Rather,Beauty,"Johnson, Watts and Douglas",Michele Smith,oturner@example.com,Gold,Wilson LLC,West
762,2025-02-12,3,604.14,Experience,Electronics,"Rios, Carpenter and Bennett",Brittany Brown,michelleolson@example.net,Silver,Cameron-Austin,North
814,2025-06-06,5,2406.25,Bill,Home,Garcia-Baker,Rhonda Bailey,uedwards@example.org,Gold,"Myers, Castro and Clark",South
958,2024-12-26,2,623.88,Young,Beauty,Salas Group,Jon Watson,smithmaureen@example.com,Gold,Davis PLC,East
736,2024-09-26,5,1789.85,How,Home,"Calderon, Powell and Thompson",Jessica Sosa,robinhill@example.org,Silver,"Myers, Castro and Clark",South
73,2025-03-13,4,1304.12,Method,Home,Freeman Group,Chad Romero,yodonnell@example.net,Bronze,Cameron-Austin,North
180,2025-03-01,2,315.56,Receive,Clothing,"Garcia, Taylor and Harris",Linda Conley,lucascalhoun@example.net,Silver,Davis PLC,East
148,2025-07-25,5,1015.8,Wrong,Home,"Howard, Vang and Reed",Bryan Soto,jeffery67@example.com,Silver,"Myers, Castro and Clark",South
200,2025-01-12,2,882.84,Store,Electronics,Johnson-Phillips,Kirsten Chan,phillipjackson@example.org,Silver,"Thomas, Smith and Velasquez",South
218,2024-09-20,2,601.7,Follow,Home,Collins-Simon,James Fernandez,stevensoncathy@example.com,Gold,Davis PLC,East
242,2025-02-15,1,444.42,Effect,Beauty,Harris Group,Mrs. Lauren Mcconnell,nathanowens@example.org,Silver,Huerta-Lee,East
872,2025-06-04,2,832.88,Language,Beauty,Gibbs-Parker,Laurie Campbell,katherinepatterson@example.com,Silver,"Parker, Rodriguez and Contreras",East
974,2024-11-25,1,398.84,Individual,Clothing,Smith-Castaneda,Margaret Hughes,susansanchez@example.org,Bronze,"Thomas, Smith and Velasquez",South
497,2025-02-26,2,845.76,His,Electronics,"Pineda, Frederick and Frey",Joshua Wagner,perezmichelle@example.net,Gold,Davis PLC,East
506,2025-01-16,3,946.41,Four,Beauty,Obrien Group,Joshua Lee,lindsay64@example.org,Bronze,"Myers, Castro and Clark",South
806,2024-11-22,4,1108.64,Purpose,Clothing,"Dougherty, Lee and Graves",Frank Simon,oconnorjodi@example.net,Silver,Blevins PLC,East
978,2024-11-22,3,1290.9,Travel,Home,Solis-Norris,Bryan Soto,jeffery67@example.com,Silver,Wilson LLC,West
393,2024-09-17,3,1173.63,Important,Beauty,Murphy-Lang,Luis Butler,pwhite@example.org,Bronze,"Parker, Rodriguez and Contreras",East
513,2025-02-12,3,636.9,Her,Home,"Cannon, Myers and Clark",Heather Thompson,cristinafischer@example.com,Silver,Davis PLC,East
1000,2025-07-13,3,1235.82,Husband,Electronics,Haynes Group,Angela Jones,phillipsamy@example.com,Bronze,"Myers, Castro and Clark",South
2,2025-04-20,4,1995.6,Rather,Beauty,"Johnson, Watts and Douglas",Benjamin Lindsey,dwilcox@example.net,Silver,Huerta-Lee,East
734,2025-05-14,4,520.96,With,Clothing,Greene-Barnes,Andrew Leonard,susancarroll@example.net,Gold,Wilson LLC,West
792,2024-10-27,4,1189.6,Follow,Home,Collins-Simon,Jessica Miles,rachelchavez@example.net,Silver,Randall-Sanders,North
891,2024-09-26,3,1210.98,For,Home,"Brock, Fuller and Valdez",Brandy Aguirre,vmitchell@example.org,Silver,Blevins PLC,East
946,2025-07-09,2,993.76,Individual,Clothing,Smith-Castaneda,Mrs. Lauren Mcconnell,nathanowens@example.org,Silver,"Thomas, Smith and Velasquez",South
947,2025-07-08,3,511.68,Usually,Beauty,James LLC,Luis Butler,pwhite@example.org,Bronze,"Myers, Castro and Clark",South
85,2024-11-25,3,436.59,Century,Home,Joseph-Edwards,Justin Gray,jonshannon@example.com,Silver,"Myers, Castro and Clark",South
477,2025-05-03,5,702.9,Form,Home,"Stewart, Carney and Lynn",Chad Romero,yodonnell@example.net,Bronze,Cameron-Austin,North
129,2024-11-25,4,1103.24,Young,Beauty,Salas Group,Victor Holloway,stuartswanson@example.org,Gold,Jackson Group,East
358,2025-02-23,2,328.34,Task,Beauty,"Parrish, Taylor and Delgado",Courtney Warren,cwilson@example.net,Gold,"Myers, Castro and Clark",South
384,2025-08-16,2,403.32,Purpose,Clothing,"Dougherty, Lee and Graves",George Burch,jonathanmorgan@example.net,Bronze,"Myers, Castro and Clark",South
36,2024-10-29,4,942.04,Receive,Clothing,"Garcia, Taylor and Harris",Victor Holloway,stuartswanson@example.org,Gold,Randall-Sanders,North
192,2025-02-15,5,1528.0,Century,Home,Joseph-Edwards,Kari Nelson,nhall@example.net,Silver,Cameron-Austin,North
725,2025-01-13,3,1191.39,Husband,Electronics,Haynes Group,Victor Holloway,stuartswanson@example.org,Gold,Jackson Group,East
810,2024-10-15,4,1103.0,Follow,Home,Collins-Simon,Virginia Davis,amybest@example.net,Bronze,Wilson LLC,West
470,2024-10-14,1,365.76,Art,Home,Lester Ltd,Pamela Hansen,johnroberson@example.com,Silver,"Thomas, Smith and Velasquez",South
661,2025-06-18,4,1561.4,Method,Home,Freeman Group,Melinda Baker,rgutierrez@example.net,Silver,"Parker, Rodriguez and Contreras",East
987,2025-01-29,5,1492.05,Experience,Electronics,"Rios, Carpenter and Bennett",John Rodriguez,christine18@example.net,Bronze,"Parker, Rodriguez and Contreras",East
994,2025-08-09,2,641.0,Form,Home,"Stewart, Carney and Lynn",Joshua Lee,lindsay64@example.org,Bronze,Cameron-Austin,North
665,2025-04-26,5,2201.3,Special,Clothing,"Allison, Rivers and Hurst",Mrs. Lauren Mcconnell,nathanowens@example.org,Silver,Cameron-Austin,North
729,2025-06-05,5,1902.45,Form,Home,"Stewart, Carney and Lynn",Paul Gill,zwilliams@example.com,Silver,Jackson Group,East
800,2025-08-03,3,1161.63,Seat,Clothing,Patterson Ltd,Meghan Perkins,smithbrandon@example.org,Gold,Huerta-Lee,East
831,2024-10-06,2,792.82,Effect,Beauty,Harris Group,Brittany Brown,michelleolson@example.net,Silver,"Parker, Rodriguez and Contreras",East
19,2024-11-09,2,575.96,Experience,Electronics,"Rios, Carpenter and Bennett",Kelsey Scott,hbarber@example.net,Bronze,"Myers, Castro and Clark",South
394,2025-07-28,4,1263.36,His,Electronics,"Pineda, Frederick and Frey",Victoria Miranda,mitchellmark@example.net,Silver,"Parker, Rodriguez and Contreras",East
662,2024-11-20,3,386.7,Keep,Home,Hodges PLC,Frank Simon,oconnorjodi@example.net,Silver,Huerta-Lee,East
938,2024-12-27,5,2217.3,Follow,Home,Collins-Simon,Hannah Cortez MD,adam75@example.org,Silver,"Parker, Rodriguez and Contreras",East
222,2025-03-01,4,1567.32,Mean,Home,Hammond Inc,Jon Watson,smithmaureen@example.com,Gold,Cameron-Austin,North
565,2025-07-06,4,1745.2,Follow,Home,Collins-Simon,Jessica Sosa,robinhill@example.org,Silver,Cameron-Austin,North
584,2025-02-13,5,1917.6,Wrong,Home,"Howard, Vang and Reed",Veronica Johnson,cervantesamanda@example.org,Gold,"Parker, Rodriguez and Contreras",East
45,2025-09-12,5,1467.7,Bill,Home,Garcia-Baker,Shawn Carey,davidwilkerson@example.com,Silver,Wilson LLC,West
378,2024-10-21,3,917.19,Bill,Home,Garcia-Baker,Kelly Fletcher,jeffersonhenry@example.net,Silver,Randall-Sanders,North
389,2024-09-19,5,1547.8,Enough,Clothing,Jones PLC,Trevor Parker,brookemanning@example.com,Silver,Blevins PLC,East
862,2024-09-21,4,809.64,Task,Beauty,"Parrish, Taylor and Delgado",Amber Gomez,walshdanielle@example.com,Silver,Huerta-Lee,East
923,2025-06-27,1,409.81,Important,Beauty,Murphy-Lang,Jessica Williams,marieandrews@example.org,Silver,"Parker, Rodriguez and Contreras",East
132,2025-04-30,3,1212.27,Anyone,Clothing,Johnson Ltd,Tyler Wolfe,kimnicole@example.org,Gold,"Thomas, Smith and Velasquez",South
369,2024-12-04,3,637.92,Home,Beauty,Griffin LLC,Mary Clark,michaelclarke@example.com,Bronze,Wilson LLC,West
630,2025-07-27,2,870.56,Follow,Home,Collins-Simon,Daniel Morales,jeffreyjimenez@example.com,Bronze,Wilson LLC,West
139,2025-07-21,1,306.2,Test,Home,Carter and Sons,Emily Zhang,amyconley@example.net,Silver,"Thomas, Smith and Velasquez",South
274,2025-07-18,3,381.0,Four,Beauty,Obrien Group,Daniel Robinson,murrayderek@example.com,Bronze,Davis PLC,East
64,2025-03-02,2,502.62,Pressure,Electronics,"Horn, Andrews and Jones",Daniel Nelson Jr.,melanie37@example.org,Gold,Cameron-Austin,North
409,2025-04-24,4,1775.92,Purpose,Clothing,"Dougherty, Lee and Graves",Richard Ellis,kendraboyd@example.org,Silver,Davis PLC,East
745,2025-08-27,4,882.24,Follow,Home,Collins-Simon,Jerry Cain,stephanie88@example.net,Silver,Huerta-Lee,East
837,2024-11-01,2,738.06,Store,Electronics,Johnson-Phillips,Victoria Miranda,mitchellmark@example.net,Silver,"Myers, Castro and Clark",South
907,2025-05-17,4,679.44,Cell,Home,Quinn and Sons,Stephen Choi,mallen@example.org,Gold,Wilson LLC,West
104,2025-08-09,4,1183.96,Keep,Home,Hodges PLC,William Martin,ojimenez@example.com,Bronze,"Thomas, Smith and Velasquez",South
310,2025-07-30,2,463.46,Party,Electronics,Hill Ltd,Jonathan Santos,bautistachristopher@example.net,Bronze,Wilson LLC,West
362,2025-08-17,2,904.52,Form,Home,"Stewart, Carney and Lynn",Tricia Harrison,bautistajoseph@example.com,Bronze,Blevins PLC,East
380,2025-05-18,5,2313.7,Music,Clothing,"Warren, Porter and Russell",Jessica Miles,rachelchavez@example.net,Silver,Cameron-Austin,North
417,2025-05-03,2,437.9,Lot,Home,Richmond PLC,Andrew Gutierrez,alexandercooley@example.org,Silver,Cameron-Austin,North
982,2025-07-22,5,887.15,Scene,Electronics,"Moreno, Robinson and Livingston",Derek Pierce,stephaniegill@example.net,Gold,Jackson Group,East
687,2024-12-26,4,1208.64,Home,Beauty,Griffin LLC,Gary Munoz,shelby07@example.org,Bronze,"Thomas, Smith and Velasquez",South
925,2024-09-28,3,1267.32,Pressure,Electronics,"Horn, Andrews and Jones",Derek Pierce,stephaniegill@example.net,Gold,Huerta-Lee,East
154,2024-11-19,2,383.08,Party,Electronics,Hill Ltd,Kevin Salazar,brooke15@example.com,Gold,Blevins PLC,East
297,2024-10-01,1,345.2,Music,Clothing,"Warren, Porter and Russell",Victoria Miranda,mitchellmark@example.net,Silver,Jackson Group,East
752,2024-11-11,3,1225.32,Energy,Clothing,Cooper and Sons,Darlene Williams,nrivas@example.com,Silver,Randall-Sanders,North
807,2025-01-16,2,729.98,Rest,Beauty,"Ramirez, Montgomery and Malone",Nancy Frazier,bishopashley@example.org,Bronze,Wilson LLC,West
26,2025-06-03,4,993.4,Effect,Beauty,Harris Group,Jessica Welch,lawrence06@example.net,Bronze,Randall-Sanders,North
282,2025-05-11,1,363.87,Charge,Home,"Wang, Hamilton and Gentry",James Stewart,patrick32@example.net,Bronze,Cameron-Austin,North
654,2024-10-14,4,1706.36,Form,Home,"Stewart, Carney and Lynn",Amber Gomez,walshdanielle@example.com,Silver,"Myers, Castro and Clark",South
986,2025-01-17,1,348.84,Lot,Home,Richmond PLC,Kevin Salazar,brooke15@example.com,Gold,Blevins PLC,East
998,2025-03-17,5,1051.55,Language,Beauty,Gibbs-Parker,Daniel Robinson,murrayderek@example.com,Bronze,Davis PLC,East
108,2024-10-26,5,423.7,Enough,Clothing,Jones PLC,Alexis Miller,wmarshall@example.net,Silver,Blevins PLC,East
504,2025-02-11,3,491.31,Husband,Electronics,Haynes Group,Nancy Potter,amy16@example.org,Bronze,"Thomas, Smith and Velasquez",South
55,2025-06-25,1,412.03,Individual,Clothing,Smith-Castaneda,Katherine Whitehead,kenneth81@example.org,Bronze,Blevins PLC,East
150,2024-11-23,3,1468.65,Important,Beauty,Murphy-Lang,Erin Mitchell,robin35@example.org,Silver,Davis PLC,East
191,2024-10-07,5,2120.3,Risk,Clothing,Goodwin LLC,Jasmin Johnson,fking@example.org,Bronze,Blevins PLC,East
285,2025-08-10,5,1096.4,Form,Home,"Stewart, Carney and Lynn",James Smith,craig12@example.org,Gold,"Parker, Rodriguez and Contreras",East
577,2024-12-22,4,1741.08,Usually,Beauty,James LLC,Jon Watson,smithmaureen@example.com,Gold,"Myers, Castro and Clark",South
980,2025-09-02,4,1349.0,For,Home,"Brock, Fuller and Valdez",Susan Weiss,cynthia16@example.com,Gold,Jackson Group,East
51,2025-03-06,4,1036.24,Mean,Home,Hammond Inc,Derek Pierce,stephaniegill@example.net,Gold,Randall-Sanders,North
298,2025-04-20,5,1601.45,Wrong,Home,"Howard, Vang and Reed",Douglas Reyes,vrubio@example.org,Bronze,Jackson Group,East
638,2025-07-01,2,629.88,Task,Beauty,"Parrish, Taylor and Delgado",Marissa Howell,gjames@example.com,Gold,"Myers, Castro and Clark",South
664,2025-08-05,4,1631.88,Follow,Home,Collins-Simon,Adrian Bryan,calhounryan@example.com,Gold,Randall-Sanders,North
42,2025-06-21,5,2302.85,Individual,Clothing,Smith-Castaneda,Nicole Wells,ryoung@example.com,Gold,Davis PLC,East
515,2025-02-23,1,416.67,Lot,Home,Richmond PLC,Lisa Lopez,rachel55@example.com,Bronze,Jackson Group,East
536,2025-08-28,5,1975.4,Usually,Beauty,James LLC,Melanie King,marie60@example.net,Silver,"Myers, Castro and Clark",South
678,2025-02-28,3,1357.02,Task,Beauty,"Parrish, Taylor and Delgado",Kelly Byrd,mathew57@example.org,Bronze,Wilson LLC,West
849,2024-12-10,4,1022.24,Usually,Beauty,James LLC,Adam Zimmerman,oyoung@example.org,Silver,Huerta-Lee,East
162,2025-02-21,3,309.21,Form,Home,"Stewart, Carney and Lynn",Pamela Hansen,johnroberson@example.com,Silver,Huerta-Lee,East
739,2025-05-16,2,980.68,Risk,Clothing,Goodwin LLC,Paul Smith,johnathananderson@example.net,Gold,Blevins PLC,East
773,2025-04-10,5,393.65,Energy,Clothing,Cooper and Sons,William Martin,ojimenez@example.com,Bronze,Huerta-Lee,East
885,2025-08-05,2,437.88,Everybody,Electronics,Tapia-Brown,Craig Shaffer,rachel74@example.com,Gold,Davis PLC,East
25,2024-10-04,5,2446.1,Music,Clothing,"Warren, Porter and Russell",Erik Reed,michael73@example.org,Silver,Blevins PLC,East
125,2024-10-16,4,1685.84,Test,Home,Carter and Sons,Gary Munoz,shelby07@example.org,Bronze,"Parker, Rodriguez and Contreras",East
698,2025-06-21,2,618.32,Home,Beauty,Griffin LLC,Susan Weiss,cynthia16@example.com,Gold,Wilson LLC,West
172,2025-05-28,5,769.15,Travel,Home,Solis-Norris,Jacqueline Huerta,alexandermolly@example.net,Bronze,Jackson Group,East
619,2025-07-06,1,469.73,Pressure,Electronics,"Horn, Andrews and Jones",Yolanda Williams,david04@example.com,Gold,Cameron-Austin,North
743,2024-12-15,3,791.67,Do,Home,Edwards-Aguilar,Laura Mathews,john99@example.com,Gold,Randall-Sanders,North
934,2025-08-04,1,367.94,Effect,Beauty,Harris Group,Pamela Hansen,johnroberson@example.com,Silver,Jackson Group,East
952,2024-12-06,3,950.07,Individual,Clothing,Smith-Castaneda,Laura Mathews,john99@example.com,Gold,"Thomas, Smith and Velasquez",South
516,2025-04-27,4,443.08,Effect,Beauty,Harris Group,Jonathan Santos,bautistachristopher@example.net,Bronze,Huerta-Lee,East
517,2025-06-29,5,919.5,Task,Beauty,"Parrish, Taylor and Delgado",Joseph Foster,lgardner@example.com,Silver,Davis PLC,East
233,2024-11-23,5,1464.55,Seat,Clothing,Patterson Ltd,Daniel Robinson,murrayderek@example.com,Bronze,"Myers, Castro and Clark",South
355,2025-02-15,5,459.7,Lot,Home,Richmond PLC,Katherine Whitehead,kenneth81@example.org,Bronze,"Parker, Rodriguez and Contreras",East
908,2025-07-23,1,409.89,Keep,Home,Hodges PLC,Kimberly Warren,vharris@example.net,Silver,Wilson LLC,West
98,2025-09-10,3,1248.93,Store,Electronics,Johnson-Phillips,Mary Clark,michaelclarke@example.com,Bronze,Wilson LLC,West
188,2024-09-21,5,1056.5,Pressure,Electronics,"Horn, Andrews and Jones",Jason Sharp,qcombs@example.com,Silver,Blevins PLC,East
381,2024-12-12,3,555.96,Special,Clothing,"Allison, Rivers and Hurst",Alyssa Long,vdavidson@example.net,Bronze,Davis PLC,East
84,2025-02-06,5,739.65,Young,Beauty,Salas Group,James Fernandez,stevensoncathy@example.com,Gold,Jackson Group,East
815,2025-08-08,3,657.69,Her,Home,"Cannon, Myers and Clark",Justin Oneal,shughes@example.com,Silver,Huerta-Lee,East
79,2024-11-08,1,307.8,Everybody,Electronics,Tapia-Brown,Jason Sharp,qcombs@example.com,Silver,"Thomas, Smith and Velasquez",South
145,2025-05-10,5,776.5,His,Electronics,"Pineda, Frederick and Frey",Gary Munoz,shelby07@example.org,Bronze,Wilson LLC,West
151,2024-10-16,2,415.82,Mean,Home,Hammond Inc,Eric Keller,kristishelton@example.org,Bronze,Wilson LLC,West
223,2024-11-01,5,338.05,Her,Home,"Cannon, Myers and Clark",Gary Munoz,shelby07@example.org,Bronze,Huerta-Lee,East
230,2025-05-03,2,794.96,Follow,Home,Collins-Simon,Emily Zhang,amyconley@example.net,Silver,Randall-Sanders,North
366,2025-02-08,4,1588.2,Rather,Beauty,"Johnson, Watts and Douglas",Linda Brooks,mark20@example.org,Silver,Jackson Group,East
650,2024-10-25,1,364.9,Language,Beauty,Gibbs-Parker,David Buchanan,jeremy27@example.org,Silver,Davis PLC,East
541,2024-10-25,3,1499.16,Protect,Home,Levy Inc,Craig Sims,theresajenkins@example.net,Gold,Wilson LLC,West
53,2025-06-15,3,615.63,Travel,Home,Solis-Norris,Brenda Robertson,kevin65@example.net,Silver,Davis PLC,East
226,2024-09-29,2,593.34,Usually,Beauty,James LLC,Jacqueline Gardner,hoffmankelli@example.com,Silver,Davis PLC,East
765,2024-10-22,3,494.16,Enough,Clothing,Jones PLC,Raymond Gonzalez MD,bwilcox@example.com,Bronze,"Parker, Rodriguez and Contreras",East
407,2025-03-18,1,463.16,Anyone,Clothing,Johnson Ltd,Kirsten Chan,phillipjackson@example.org,Silver,Randall-Sanders,North
709,2025-06-24,4,1337.2,Keep,Home,Hodges PLC,Madison Mcguire,rosejohn@example.com,Gold,Huerta-Lee,East
719,2025-06-18,1,462.74,Young,Beauty,Salas Group,Amanda Butler,boothpatricia@example.org,Bronze,Randall-Sanders,North
730,2025-01-11,3,362.46,Special,Clothing,"Allison, Rivers and Hurst",Russell Jones,xwright@example.org,Gold,Huerta-Lee,East
977,2024-10-22,4,1917.08,Purpose,Clothing,"Dougherty, Lee and Graves",Angela Jones,phillipsamy@example.com,Bronze,Blevins PLC,East
13,2025-05-16,5,828.9,Anyone,Clothing,Johnson Ltd,William Lane,charlesmartinez@example.org,Silver,Wilson LLC,West
56,2025-02-06,5,725.6,His,Electronics,"Pineda, Frederick and Frey",Regina Ruiz,michael85@example.org,Gold,"Parker, Rodriguez and Contreras",East
239,2025-07-14,3,1040.67,Travel,Home,Solis-Norris,Karen Collins,williamsmith@example.org,Silver,Davis PLC,East
337,2025-01-14,3,1337.73,Wrong,Home,"Howard, Vang and Reed",Justin Gray,jonshannon@example.com,Silver,"Thomas, Smith and Velasquez",South
450,2025-02-05,2,339.58,Do,Home,Edwards-Aguilar,Trevor Parker,brookemanning@example.com,Silver,Jackson Group,East
704,2025-07-23,4,765.96,Four,Beauty,Obrien Group,Tammy Lozano,nthompson@example.net,Bronze,Huerta-Lee,East
918,2025-05-10,5,2191.05,Form,Home,"Stewart, Carney and Lynn",Jackson Logan,hflores@example.org,Silver,Wilson LLC,West
253,2025-01-19,1,471.68,Mean,Home,Hammond Inc,Amy Smith,yhall@example.net,Gold,"Myers, Castro and Clark",South
746,2025-07-23,3,837.81,Purpose,Clothing,"Dougherty, Lee and Graves",Katherine Whitehead,kenneth81@example.org,Bronze,Randall-Sanders,North
840,2025-07-20,3,352.83,Protect,Home,Levy Inc,Deborah Frost,shelly89@example.org,Bronze,Jackson Group,East
856,2025-07-28,3,364.14,Century,Home,Joseph-Edwards,Brian Peterson,renee53@example.org,Silver,Jackson Group,East
70,2024-10-18,3,655.47,Music,Clothing,"Warren, Porter and Russell",Scott Gordon,smithnicole@example.org,Silver,Wilson LLC,West
416,2025-08-30,5,783.1,Form,Home,"Stewart, Carney and Lynn",Blake Perry,bbrown@example.org,Gold,Blevins PLC,East
448,2025-07-08,4,1923.8,Important,Beauty,Murphy-Lang,Bridget Murphy,williamsmonica@example.com,Silver,"Thomas, Smith and Velasquez",South
459,2025-06-22,1,482.6,Travel,Home,Solis-Norris,Alexis Miller,wmarshall@example.net,Silver,"Thomas, Smith and Velasquez",South
483,2025-07-18,5,1708.55,Special,Clothing,"Allison, Rivers and Hurst",Veronica Johnson,cervantesamanda@example.org,Gold,"Thomas, Smith and Velasquez",South
769,2025-04-08,2,594.0,Method,Home,Freeman Group,Brandy Aguirre,vmitchell@example.org,Silver,"Myers, Castro and Clark",South
817,2025-04-07,2,754.62,Lot,Home,Richmond PLC,Adam Zimmerman,oyoung@example.org,Silver,Randall-Sanders,North
892,2025-07-14,5,1991.25,Pressure,Electronics,"Horn, Andrews and Jones",Michael Waters,iwilliamson@example.org,Silver,Jackson Group,East
953,2024-10-26,3,980.55,Husband,Electronics,Haynes Group,Bill Wright,nicole95@example.net,Silver,Blevins PLC,East
97,2025-07-06,1,331.15,Art,Home,Lester Ltd,Anthony Stafford PhD,jhernandez@example.net,Gold,"Myers, Castro and Clark",South
123,2024-12-11,2,677.32,Purpose,Clothing,"Dougherty, Lee and Graves",Jacqueline Gardner,hoffmankelli@example.com,Silver,Randall-Sanders,North
199,2025-03-23,4,1830.36,Keep,Home,Hodges PLC,Erica Nguyen,zconley@example.org,Silver,Jackson Group,East
595,2025-07-07,5,1080.6,Anyone,Clothing,Johnson Ltd,Nicholas Peters,diana89@example.com,Bronze,Blevins PLC,East
643,2024-10-01,2,507.74,Special,Clothing,"Allison, Rivers and Hurst",Madison Mcguire,rosejohn@example.com,Gold,Wilson LLC,West
735,2024-11-13,3,847.68,Rather,Beauty,"Johnson, Watts and Douglas",Jessica Williams,marieandrews@example.org,Silver,Blevins PLC,East
46,2025-08-27,2,343.9,Rather,Beauty,"Johnson, Watts and Douglas",Virginia Davis,amybest@example.net,Bronze,Jackson Group,East
475,2024-11-09,5,2038.25,Usually,Beauty,James LLC,Daniel Robertson,moorepaul@example.com,Bronze,Jackson Group,East
508,2025-05-03,5,1329.4,Four,Beauty,Obrien Group,Jessica Mason,heathaaron@example.com,Bronze,Cameron-Austin,North
189,2024-12-02,2,349.72,Task,Beauty,"Parrish, Taylor and Delgado",Deborah Frost,shelly89@example.org,Bronze,Randall-Sanders,North
323,2025-03-02,4,1299.6,Form,Home,"Stewart, Carney and Lynn",Ronald Jones,lfreeman@example.org,Silver,"Parker, Rodriguez and Contreras",East
373,2025-06-21,5,1356.5,Music,Clothing,"Warren, Porter and Russell",Deborah Frost,shelly89@example.org,Bronze,Wilson LLC,West
689,2025-07-04,1,367.97,His,Electronics,"Pineda, Frederick and Frey",Courtney Warren,cwilson@example.net,Gold,Davis PLC,East
701,2025-02-11,3,725.31,Seat,Clothing,Patterson Ltd,George Burch,jonathanmorgan@example.net,Bronze,Jackson Group,East
116,2025-08-29,5,2314.3,How,Home,"Calderon, Powell and Thompson",Courtney Warren,cwilson@example.net,Gold,"Thomas, Smith and Velasquez",South
578,2024-09-22,5,1897.6,Century,Home,Joseph-Edwards,Rebecca Davis,brycemurphy@example.net,Silver,Randall-Sanders,North
598,2024-10-29,5,1087.65,Art,Home,Lester Ltd,Karen Murray,tylermorales@example.com,Bronze,Randall-Sanders,North
865,2024-12-14,5,1505.95,Test,Home,Carter and Sons,Lisa Adams,williamwood@example.com,Silver,Cameron-Austin,North
54,2025-08-12,5,1847.45,Wrong,Home,"Howard, Vang and Reed",Gary Munoz,shelby07@example.org,Bronze,Randall-Sanders,North
625,2025-07-14,3,739.08,Form,Home,"Stewart, Carney and Lynn",Bryan Soto,jeffery67@example.com,Silver,Jackson Group,East
813,2025-08-05,1,357.57,Bill,Home,Garcia-Baker,Melanie King,marie60@example.net,Silver,Blevins PLC,East
983,2025-01-26,1,446.13,Music,Clothing,"Warren, Porter and Russell",Jeffrey Stevens,popechristopher@example.org,Silver,Huerta-Lee,East
23,2024-12-14,4,355.92,Experience,Electronics,"Rios, Carpenter and Bennett",Brenda Robertson,kevin65@example.net,Silver,Randall-Sanders,North
527,2025-05-28,5,960.3,Rather,Beauty,"Johnson, Watts and Douglas",Jesse Chen,wmoore@example.org,Gold,Blevins PLC,East
879,2025-03-18,1,494.35,Energy,Clothing,Cooper and Sons,Lisa Lopez,rachel55@example.com,Bronze,Jackson Group,East
28,2025-01-12,3,634.92,Language,Beauty,Gibbs-Parker,Zachary Hester,rrivera@example.org,Gold,"Myers, Castro and Clark",South
254,2025-03-14,4,640.4,Task,Beauty,"Parrish, Taylor and Delgado",Manuel Strong,adam46@example.org,Bronze,Jackson Group,East
293,2025-04-02,4,843.28,Her,Home,"Cannon, Myers and Clark",Katherine Whitehead,kenneth81@example.org,Bronze,Jackson Group,East
303,2025-06-20,4,909.64,Everybody,Electronics,Tapia-Brown,Mrs. Lauren Mcconnell,nathanowens@example.org,Silver,Blevins PLC,East
385,2025-02-27,4,1667.0,Party,Electronics,Hill Ltd,Andrea Parker,yvonne93@example.net,Gold,Wilson LLC,West
605,2025-04-15,4,746.6,For,Home,"Brock, Fuller and Valdez",Nicholas Peters,diana89@example.com,Bronze,Blevins PLC,East
612,2025-06-22,3,1319.94,Risk,Clothing,Goodwin LLC,Patricia Hendricks,josephrichard@example.org,Bronze,Cameron-Austin,North
16,2025-02-18,4,310.24,Test,Home,Carter and Sons,Nicholas Peters,diana89@example.com,Bronze,Randall-Sanders,North
196,2025-07-04,4,734.0,Against,Clothing,Deleon-Johnson,Linda Conley,lucascalhoun@example.net,Silver,"Myers, Castro and Clark",South
321,2025-04-12,2,894.06,Scene,Electronics,"Moreno, Robinson and Livingston",David Morrison,karen36@example.org,Gold,Davis PLC,East
494,2025-05-18,5,534.1,Method,Home,Freeman Group,Kari Nelson,nhall@example.net,Silver,"Parker, Rodriguez and Contreras",East
723,2025-03-17,2,384.34,Party,Electronics,Hill Ltd,Gary Munoz,shelby07@example.org,Bronze,Cameron-Austin,North
896,2025-07-31,5,1385.55,Individual,Clothing,Smith-Castaneda,Andrew Gutierrez,alexandercooley@example.org,Silver,Blevins PLC,East
122,2025-09-06,2,608.2,Language,Beauty,Gibbs-Parker,Veronica Johnson,cervantesamanda@example.org,Gold,Jackson Group,East
427,2024-09-29,5,985.95,Follow,Home,Collins-Simon,Luis Phelps,palmertroy@example.net,Gold,Blevins PLC,East
632,2025-07-04,1,490.76,Home,Beauty,Griffin LLC,Samantha Henderson,juan90@example.net,Bronze,Cameron-Austin,North
179,2025-01-06,3,1416.03,Wrong,Home,"Howard, Vang and Reed",Erica Nguyen,zconley@example.org,Silver,Wilson LLC,West
187,2024-12-27,4,1671.96,Store,Electronics,Johnson-Phillips,Yolanda Williams,david04@example.com,Gold,"Thomas, Smith and Velasquez",South
466,2024-12-07,1,335.29,Rather,Beauty,"Johnson, Watts and Douglas",Courtney Warren,cwilson@example.net,Gold,Huerta-Lee,East
634,2025-03-23,5,1650.75,For,Home,"Brock, Fuller and Valdez",Jessica Sosa,robinhill@example.org,Silver,Wilson LLC,West
657,2024-12-26,3,316.17,Century,Home,Joseph-Edwards,Tricia Harrison,bautistajoseph@example.com,Bronze,"Myers, Castro and Clark",South
31,2025-04-17,4,1549.92,His,Electronics,"Pineda, Frederick and Frey",Rebecca Davis,brycemurphy@example.net,Silver,Davis PLC,East
171,2025-02-20,5,1849.7,Follow,Home,Collins-Simon,Ronald Williams,pklein@example.com,Gold,Blevins PLC,East
367,2025-03-11,3,912.72,Music,Clothing,"Warren, Porter and Russell",Sabrina Barajas,andrewsoto@example.org,Bronze,"Thomas, Smith and Velasquez",South
799,2025-08-27,5,2029.2,Enough,Clothing,Jones PLC,Derek Pierce,stephaniegill@example.net,Gold,Blevins PLC,East
929,2024-10-07,5,731.65,Follow,Home,Collins-Simon,Pamela Hansen,johnroberson@example.com,Silver,"Parker, Rodriguez and Contreras",East
500,2025-02-12,4,1948.4,For,Home,"Brock, Fuller and Valdez",Andrew Cooper,terry03@example.com,Gold,Davis PLC,East
834,2025-06-02,3,902.37,Pressure,Electronics,"Horn, Andrews and Jones",Paul Gill,zwilliams@example.com,Silver,Huerta-Lee,East
861,2024-12-11,3,1412.91,For,Home,"Brock, Fuller and Valdez",Mary Clark,michaelclarke@example.com,Bronze,Davis PLC,East
921,2024-12-24,1,453.84,Usually,Beauty,James LLC,Derek Pierce,stephaniegill@example.net,Gold,Davis PLC,East
109,2025-09-16,2,357.4,Individual,Clothing,Smith-Castaneda,Jessica Sosa,robinhill@example.org,Silver,Randall-Sanders,North
444,2024-10-03,3,1058.1,Bill,Home,Garcia-Baker,William Lane,charlesmartinez@example.org,Silver,"Myers, Castro and Clark",South
609,2025-06-30,3,768.24,Cell,Home,Quinn and Sons,William Martin,ojimenez@example.com,Bronze,"Parker, Rodriguez and Contreras",East
690,2024-11-03,4,938.56,Test,Home,Carter and Sons,David Brown,martinkevin@example.com,Bronze,Wilson LLC,West
897,2025-07-09,2,713.24,Lot,Home,Richmond PLC,Beth Green,owagner@example.net,Bronze,Jackson Group,East
65,2025-07-02,2,363.52,Bill,Home,Garcia-Baker,Troy Wallace,wtaylor@example.org,Silver,Cameron-Austin,North
462,2025-06-10,3,826.44,Language,Beauty,Gibbs-Parker,Bryan Soto,jeffery67@example.com,Silver,Davis PLC,East
801,2025-07-22,4,557.84,Energy,Clothing,Cooper and Sons,Angela Jones,phillipsamy@example.com,Bronze,Cameron-Austin,North
387,2025-03-30,2,548.92,Purpose,Clothing,"Dougherty, Lee and Graves",Deborah Frost,shelly89@example.org,Bronze,Cameron-Austin,North
514,2025-05-07,2,511.56,Against,Clothing,Deleon-Johnson,Mrs. Lauren Mcconnell,nathanowens@example.org,Silver,"Parker, Rodriguez and Contreras",East
794,2024-11-24,1,403.53,Charge,Home,"Wang, Hamilton and Gentry",Laurie Campbell,katherinepatterson@example.com,Silver,"Myers, Castro and Clark",South
857,2025-01-19,1,314.78,Form,Home,"Stewart, Carney and Lynn",Laura Mathews,john99@example.com,Gold,"Myers, Castro and Clark",South
317,2025-01-28,2,348.98,Seat,Clothing,Patterson Ltd,Laurie Campbell,katherinepatterson@example.com,Silver,Davis PLC,East
431,2024-09-16,3,403.53,Energy,Clothing,Cooper and Sons,Eric Keller,kristishelton@example.org,Bronze,Cameron-Austin,North
447,2025-07-20,2,986.54,Enough,Clothing,Jones PLC,Alexis Miller,wmarshall@example.net,Silver,Randall-Sanders,North
967,2024-10-09,4,780.0,Everybody,Electronics,Tapia-Brown,Kelly Byrd,mathew57@example.org,Bronze,"Myers, Castro and Clark",South
348,2025-01-16,1,443.11,Method,Home,Freeman Group,Linda Brooks,mark20@example.org,Silver,Randall-Sanders,North
408,2025-02-15,3,1271.1,Enough,Clothing,Jones PLC,Derek Pierce,stephaniegill@example.net,Gold,Huerta-Lee,East
530,2025-05-24,1,406.13,His,Electronics,"Pineda, Frederick and Frey",George Burch,jonathanmorgan@example.net,Bronze,Blevins PLC,East
604,2025-08-02,3,582.15,Cell,Home,Quinn and Sons,Erin Mitchell,robin35@example.org,Silver,Blevins PLC,East
618,2025-07-14,3,924.42,Against,Clothing,Deleon-Johnson,James Stewart,patrick32@example.net,Bronze,Wilson LLC,West
737,2025-07-24,2,569.9,Art,Home,Lester Ltd,Kelly Byrd,mathew57@example.org,Bronze,Huerta-Lee,East
137,2025-05-14,4,1487.64,Usually,Beauty,James LLC,Jackson Logan,hflores@example.org,Silver,Wilson LLC,West
153,2025-03-05,2,795.3,Pressure,Electronics,"Horn, Andrews and Jones",Michelle Turner,frankcollier@example.com,Silver,Randall-Sanders,North
214,2025-02-23,5,2199.1,Keep,Home,Hodges PLC,Michael Waters,iwilliamson@example.org,Silver,Huerta-Lee,East
236,2025-04-20,3,960.75,Test,Home,Carter and Sons,Madison Mcguire,rosejohn@example.com,Gold,Blevins PLC,East
248,2025-09-02,1,370.76,Method,Home,Freeman Group,Jennifer Boyd,smartinez@example.com,Bronze,"Myers, Castro and Clark",South
324,2025-02-03,3,1188.72,Everybody,Electronics,Tapia-Brown,Christina Johnson,aaron02@example.org,Bronze,"Parker, Rodriguez and Contreras",East
492,2025-01-31,4,1962.52,Test,Home,Carter and Sons,Adam Zimmerman,oyoung@example.org,Silver,Davis PLC,East
318,2025-04-08,5,2225.75,Important,Beauty,Murphy-Lang,David Buchanan,jeremy27@example.org,Silver,"Thomas, Smith and Velasquez",South
685,2025-02-07,3,1496.91,Everybody,Electronics,Tapia-Brown,Charles Davis,uturner@example.net,Bronze,Huerta-Lee,East
44,2025-02-08,4,1962.48,Wrong,Home,"Howard, Vang and Reed",Madison Mcguire,rosejohn@example.com,Gold,Jackson Group,East
951,2025-04-17,3,533.34,Anyone,Clothing,Johnson Ltd,Benjamin Weeks,adamtaylor@example.org,Silver,Huerta-Lee,East
165,2024-10-11,3,915.3,Rather,Beauty,"Johnson, Watts and Douglas",Katherine Whitehead,kenneth81@example.org,Bronze,Jackson Group,East
353,2025-02-26,3,761.04,Pressure,Electronics,"Horn, Andrews and Jones",Ralph Webb,keithreed@example.com,Bronze,Blevins PLC,East
732,2025-01-15,4,1002.44,Party,Electronics,Hill Ltd,Tricia Harrison,bautistajoseph@example.com,Bronze,"Parker, Rodriguez and Contreras",East
960,2025-03-27,2,521.66,Individual,Clothing,Smith-Castaneda,Madison Mcguire,rosejohn@example.com,Gold,Randall-Sanders,North
350,2025-03-17,3,622.59,Special,Clothing,"Allison, Rivers and Hurst",Erin Mitchell,robin35@example.org,Silver,Jackson Group,East
526,2025-04-09,4,1098.12,Effect,Beauty,Harris Group,Heather Thompson,cristinafischer@example.com,Silver,Davis PLC,East
744,2025-01-29,3,1483.11,Purpose,Clothing,"Dougherty, Lee and Graves",Eric Escobar,sean67@example.net,Silver,"Parker, Rodriguez and Contreras",East
790,2025-02-18,1,346.36,Rather,Beauty,"Johnson, Watts and Douglas",Angela Jones,phillipsamy@example.com,Bronze,Davis PLC,East
984,2025-01-29,4,620.52,Protect,Home,Levy Inc,Rebecca Davis,brycemurphy@example.net,Silver,Huerta-Lee,East
156,2024-12-30,1,382.87,Home,Beauty,Griffin LLC,Brandon Rice,cathy68@example.net,Silver,Wilson LLC,West
184,2024-11-22,4,1621.8,Keep,Home,Hodges PLC,Michelle Thompson,scott14@example.net,Silver,"Myers, Castro and Clark",South
295,2025-05-29,2,660.42,Lot,Home,Richmond PLC,Joanna Stone,calvinrobinson@example.net,Silver,"Thomas, Smith and Velasquez",South
61,2024-12-31,2,654.82,Keep,Home,Hodges PLC,Erin Elliott,bwilliams@example.org,Bronze,Huerta-Lee,East
460,2025-07-16,3,799.41,Against,Clothing,Deleon-Johnson,Adam Zimmerman,oyoung@example.org,Silver,Randall-Sanders,North
855,2025-02-26,5,737.5,Scene,Electronics,"Moreno, Robinson and Livingston",Justin Gray,jonshannon@example.com,Silver,"Parker, Rodriguez and Contreras",East
6,2025-03-15,4,480.0,Cell,Home,Quinn and Sons,Craig Sims,theresajenkins@example.net,Gold,Blevins PLC,East
142,2025-01-29,3,960.0,Risk,Clothing,Goodwin LLC,Jeremiah Martin,patricia12@example.com,Bronze,"Parker, Rodriguez and Contreras",East
420,2025-05-27,5,485.1,Special,Clothing,"Allison, Rivers and Hurst",Brittany Brown,michelleolson@example.net,Silver,Jackson Group,East
495,2024-11-12,3,1238.52,Method,Home,Freeman Group,Joshua Lee,lindsay64@example.org,Bronze,Wilson LLC,West
294,2025-07-23,3,341.46,With,Clothing,Greene-Barnes,Kimberly Warren,vharris@example.net,Silver,Randall-Sanders,North
328,2025-07-15,4,337.96,Individual,Clothing,Smith-Castaneda,Eric Escobar,sean67@example.net,Silver,"Parker, Rodriguez and Contreras",East
534,2025-01-13,2,729.54,Scene,Electronics,"Moreno, Robinson and Livingston",Diane Patterson,gregorymartin@example.net,Silver,Cameron-Austin,North
591,2025-03-23,1,303.19,His,Electronics,"Pineda, Frederick and Frey",Jon Watson,smithmaureen@example.com,Gold,Cameron-Austin,North
777,2025-04-27,4,828.32,Language,Beauty,Gibbs-Parker,Michelle Turner,frankcollier@example.com,Silver,Jackson Group,East
262,2025-04-10,3,331.14,Test,Home,Carter and Sons,Carolyn Taylor,afrost@example.org,Bronze,Huerta-Lee,East
340,2024-12-16,4,1841.72,Method,Home,Freeman Group,William Carter,csmith@example.org,Bronze,Davis PLC,East
370,2025-07-09,5,1523.85,Keep,Home,Hodges PLC,Darlene Williams,nrivas@example.com,Silver,Jackson Group,East
580,2025-01-25,3,1085.52,Her,Home,"Cannon, Myers and Clark",Philip Foster,fergusonnatalie@example.com,Silver,Huerta-Lee,East
398,2025-07-12,5,1613.0,Purpose,Clothing,"Dougherty, Lee and Graves",Rhonda Bailey,uedwards@example.org,Gold,Jackson Group,East
853,2024-10-02,3,1028.04,Individual,Clothing,Smith-Castaneda,Jordan Hamilton,stephanie18@example.com,Gold,Wilson LLC,West
522,2024-09-20,2,598.26,Seat,Clothing,Patterson Ltd,Garrett Patterson,msanchez@example.net,Bronze,"Parker, Rodriguez and Contreras",East
571,2025-06-30,1,370.3,Enough,Clothing,Jones PLC,Angela Jones,phillipsamy@example.com,Bronze,"Myers, Castro and Clark",South
727,2025-07-02,5,2218.9,Travel,Home,Solis-Norris,Brenda Robertson,kevin65@example.net,Silver,Jackson Group,East
758,2025-01-24,2,864.2,Wrong,Home,"Howard, Vang and Reed",Jose Rhodes,aestes@example.org,Gold,Randall-Sanders,North
919,2025-04-21,1,401.1,Music,Clothing,"Warren, Porter and Russell",Jesse Chen,wmoore@example.org,Gold,Randall-Sanders,North
640,2025-02-20,3,403.02,Do,Home,Edwards-Aguilar,Madison Mcguire,rosejohn@example.com,Gold,"Parker, Rodriguez and Contreras",East
995,2025-03-20,2,562.22,Her,Home,"Cannon, Myers and Clark",Erin Elliott,bwilliams@example.org,Bronze,Huerta-Lee,East
181,2025-06-14,2,638.04,Against,Clothing,Deleon-Johnson,Frank Simon,oconnorjodi@example.net,Silver,Davis PLC,East
305,2024-12-14,5,2221.0,Usually,Beauty,James LLC,Mark Cisneros,charleslorraine@example.net,Silver,Cameron-Austin,North
325,2025-04-09,5,1007.6,Purpose,Clothing,"Dougherty, Lee and Graves",Kelly Byrd,mathew57@example.org,Bronze,Randall-Sanders,North
351,2024-09-17,4,715.88,Keep,Home,Hodges PLC,Jeremiah Martin,patricia12@example.com,Bronze,Davis PLC,East
809,2025-03-10,3,676.53,Protect,Home,Levy Inc,Brenda Robertson,kevin65@example.net,Silver,Blevins PLC,East
943,2025-04-29,2,834.62,Rather,Beauty,"Johnson, Watts and Douglas",Jeremiah Martin,patricia12@example.com,Bronze,Blevins PLC,East
27,2024-11-15,4,1708.68,Husband,Electronics,Haynes Group,Amy Underwood,shawchristina@example.net,Silver,Wilson LLC,West
390,2024-11-09,5,452.05,Special,Clothing,"Allison, Rivers and Hurst",Jessica Williams,marieandrews@example.org,Silver,"Myers, Castro and Clark",South
556,2025-02-03,1,479.24,Follow,Home,Collins-Simon,Brenda Robertson,kevin65@example.net,Silver,Cameron-Austin,North
771,2024-10-05,5,1077.25,Test,Home,Carter and Sons,Scott Rivera,christinawallace@example.com,Silver,Cameron-Austin,North
774,2025-01-12,3,1098.84,Scene,Electronics,"Moreno, Robinson and Livingston",Nicole Wells,ryoung@example.com,Gold,Blevins PLC,East
999,2025-02-05,4,804.28,Test,Home,Carter and Sons,Brandy Aguirre,vmitchell@example.org,Silver,Randall-Sanders,North
141,2025-08-25,4,803.0,Do,Home,Edwards-Aguilar,Shawn Carey,davidwilkerson@example.com,Silver,"Parker, Rodriguez and Contreras",East
290,2024-11-15,5,2221.7,Receive,Clothing,"Garcia, Taylor and Harris",Scott Jones,john75@example.com,Gold,Wilson LLC,West
20,2024-10-06,3,389.37,His,Electronics,"Pineda, Frederick and Frey",Nancy Potter,amy16@example.org,Bronze,Huerta-Lee,East
346,2025-02-27,4,725.88,Store,Electronics,Johnson-Phillips,Nancy Frazier,bishopashley@example.org,Bronze,Davis PLC,East
572,2025-05-14,3,1489.65,Usually,Beauty,James LLC,Brandy Aguirre,vmitchell@example.org,Silver,"Thomas, Smith and Velasquez",South
653,2025-01-28,5,921.55,Bill,Home,Garcia-Baker,Victor Holloway,stuartswanson@example.org,Gold,Blevins PLC,East
832,2025-09-05,3,322.65,Wrong,Home,"Howard, Vang and Reed",Jonathan Taylor,craig91@example.com,Silver,Jackson Group,East
966,2025-04-19,5,369.9,Do,Home,Edwards-Aguilar,Susan Mcdowell,usmith@example.org,Bronze,Davis PLC,East
238,2025-03-21,3,1297.26,For,Home,"Brock, Fuller and Valdez",Kelly Byrd,mathew57@example.org,Bronze,Blevins PLC,East
637,2024-11-23,3,1192.14,Century,Home,Joseph-Edwards,Nicole Neal,hernandezmichael@example.com,Bronze,"Thomas, Smith and Velasquez",South
260,2025-01-14,3,1309.32,Experience,Electronics,"Rios, Carpenter and Bennett",Justin Gray,jonshannon@example.com,Silver,Jackson Group,East
313,2025-08-18,2,480.82,Bill,Home,Garcia-Baker,Sandra Wilson,carlaclark@example.org,Bronze,Blevins PLC,East
438,2024-09-21,3,464.88,Art,Home,Lester Ltd,Scott Rivera,christinawallace@example.com,Silver,"Parker, Rodriguez and Contreras",East
443,2024-10-03,3,641.61,Lot,Home,Richmond PLC,Kenneth Hardin,juarezdylan@example.net,Bronze,Davis PLC,East
579,2025-04-08,4,1019.24,Four,Beauty,Obrien Group,Benjamin Weeks,adamtaylor@example.org,Silver,Blevins PLC,East
910,2025-05-21,2,620.04,Music,Clothing,"Warren, Porter and Russell",Kelsey Scott,hbarber@example.net,Bronze,"Parker, Rodriguez and Contreras",East
231,2025-08-30,1,328.06,Young,Beauty,Salas Group,Nancy Frazier,bishopashley@example.org,Bronze,Huerta-Lee,East
433,2025-03-16,3,1041.18,Energy,Clothing,Cooper and Sons,Douglas Reyes,vrubio@example.org,Bronze,Randall-Sanders,North
496,2025-04-16,4,449.56,Effect,Beauty,Harris Group,Courtney Warren,cwilson@example.net,Gold,Davis PLC,East
521,2024-11-15,4,1639.8,For,Home,"Brock, Fuller and Valdez",Ashley Floyd,hgarcia@example.org,Silver,Jackson Group,East
176,2025-08-14,3,377.07,Her,Home,"Cannon, Myers and Clark",Michael Garcia,murrayjennifer@example.org,Bronze,Randall-Sanders,North
523,2025-06-13,4,1041.64,Keep,Home,Hodges PLC,Deborah Frost,shelly89@example.org,Bronze,Huerta-Lee,East
749,2024-10-19,5,2312.85,Experience,Electronics,"Rios, Carpenter and Bennett",Erin Elliott,bwilliams@example.org,Bronze,Davis PLC,East
833,2024-09-22,5,2407.25,Music,Clothing,"Warren, Porter and Russell",Paul Gill,zwilliams@example.com,Silver,Blevins PLC,East
956,2024-12-14,1,352.89,Usually,Beauty,James LLC,Mary Clark,michaelclarke@example.com,Bronze,Blevins PLC,East
216,2025-07-26,3,1175.88,Purpose,Clothing,"Dougherty, Lee and Graves",Garrett Patterson,msanchez@example.net,Bronze,Cameron-Austin,North
271,2025-02-21,4,1540.32,Art,Home,Lester Ltd,Trevor Parker,brookemanning@example.com,Silver,"Parker, Rodriguez and Contreras",East
32,2025-03-27,5,1769.0,Scene,Electronics,"Moreno, Robinson and Livingston",Michele Smith,oturner@example.com,Gold,Randall-Sanders,North
174,2025-03-21,4,1625.12,Anyone,Clothing,Johnson Ltd,Garrett Patterson,msanchez@example.net,Bronze,Wilson LLC,West
859,2025-09-15,4,1890.92,Form,Home,"Stewart, Carney and Lynn",Veronica Johnson,cervantesamanda@example.org,Gold,Cameron-Austin,North
894,2025-02-24,5,1718.85,Risk,Clothing,Goodwin LLC,Jon Watson,smithmaureen@example.com,Gold,Wilson LLC,West
39,2024-10-26,5,1227.0,Charge,Home,"Wang, Hamilton and Gentry",Timothy Morales,michael30@example.org,Silver,Jackson Group,East
220,2025-07-14,5,859.95,Music,Clothing,"Warren, Porter and Russell",Paul Gill,zwilliams@example.com,Silver,Davis PLC,East
881,2024-09-30,5,404.1,Mean,Home,Hammond Inc,Tammy Lozano,nthompson@example.net,Bronze,Davis PLC,East
935,2024-12-02,1,483.98,Her,Home,"Cannon, Myers and Clark",Bill Wright,nicole95@example.net,Silver,Blevins PLC,East
